ip,timestamp,request,status_code,response_size,referrer,user_agent
192.168.242.223,2025-01-10 03:12:40,POST /login,404,3359,http://example.com,Safari/537.36
192.168.138.134,2025-01-07 18:05:33,GET /products,500,3131,http://google.com,Mozilla/5.0
192.168.150.28,2025-01-02 18:38:52,GET /index.html,404,252,-,Safari/537.36
192.168.85.207,2025-01-11 08:00:52,GET /contact,200,4335,-,Opera/9.80
192.168.59.92,2025-01-02 09:49:57,GET /products,302,4039,http://example.com,Chrome/90.0
192.168.35.111,2025-01-06 04:49:35,POST /login,200,2493,http://example.com,Chrome/90.0
192.168.199.136,2025-01-07 15:19:20,GET /products,500,3303,http://example.com,Opera/9.80
192.168.83.168,2025-01-03 17:34:36,GET /index.html,404,2840,-,Safari/537.36
192.168.215.251,2025-01-06 08:44:23,GET /index.html,404,931,http://example.com,Chrome/90.0
192.168.247.225,2025-01-09 04:02:41,GET /contact,500,2367,-,Chrome/90.0
192.168.154.34,2025-01-03 13:27:56,GET /index.html,302,3304,-,Mozilla/5.0
192.168.255.119,2025-01-06 04:33:23,GET /index.html,500,3202,http://example.com,Opera/9.80
192.168.173.146,2025-01-05 00:48:22,POST /login,302,1732,-,Opera/9.80
192.168.236.14,2025-01-01 00:29:38,GET /index.html,302,998,-,Mozilla/5.0
192.168.239.245,2025-01-09 06:51:40,GET /products,302,540,-,Chrome/90.0
192.168.149.85,2025-01-03 05:13:42,GET /index.html,200,4483,http://google.com,Safari/537.36
192.168.153.131,2025-01-05 21:28:47,GET /contact,302,2628,http://google.com,Opera/9.80
192.168.34.63,2025-01-04 01:20:05,POST /login,200,323,-,Safari/537.36
192.168.177.138,2025-01-09 04:44:46,GET /index.html,200,4474,-,Mozilla/5.0
192.168.186.163,2025-01-01 09:21:29,POST /login,302,4110,-,Opera/9.80
192.168.178.36,2025-01-05 05:28:24,GET /index.html,404,4679,http://google.com,Safari/537.36
192.168.211.126,2025-01-07 08:30:09,GET /contact,404,2125,http://google.com,Chrome/90.0
192.168.197.28,2025-01-11 15:38:38,POST /login,200,4917,http://google.com,Mozilla/5.0
192.168.236.215,2025-01-06 05:28:03,GET /index.html,302,3240,-,Chrome/90.0
192.168.162.251,2025-01-11 02:44:13,GET /index.html,200,1489,http://google.com,Chrome/90.0
192.168.195.136,2025-01-05 16:12:19,GET /products,404,4029,http://google.com,Safari/537.36
192.168.98.85,2025-01-04 21:59:53,GET /index.html,404,4394,-,Opera/9.80
192.168.213.246,2025-01-06 19:19:10,POST /login,404,1042,http://google.com,Opera/9.80
192.168.9.0,2025-01-04 20:12:31,GET /contact,302,1352,-,Mozilla/5.0
192.168.210.205,2025-01-07 14:09:52,POST /login,500,2488,http://google.com,Chrome/90.0
192.168.145.108,2025-01-03 09:00:11,GET /products,500,1690,http://google.com,Chrome/90.0
192.168.207.2,2025-01-09 07:19:50,POST /login,500,1451,http://google.com,Safari/537.36
192.168.220.86,2025-01-11 16:25:45,POST /login,200,2662,-,Mozilla/5.0
192.168.239.1,2025-01-07 21:28:36,GET /index.html,404,3416,-,Safari/537.36
192.168.179.24,2025-01-05 21:07:05,GET /contact,200,1948,http://google.com,Safari/537.36
192.168.101.152,2025-01-08 04:45:51,POST /login,500,2353,-,Safari/537.36
192.168.48.25,2025-01-08 04:02:39,POST /login,404,1869,-,Mozilla/5.0
192.168.130.69,2025-01-06 08:46:53,GET /contact,404,1709,http://example.com,Opera/9.80
192.168.202.92,2025-01-10 15:21:19,GET /contact,302,4386,-,Chrome/90.0
192.168.113.205,2025-01-09 01:14:44,GET /products,200,1542,http://example.com,Mozilla/5.0
192.168.176.46,2025-01-07 12:52:26,GET /products,200,431,http://example.com,Opera/9.80
192.168.80.5,2025-01-08 06:28:57,GET /contact,500,2858,-,Mozilla/5.0
192.168.247.251,2025-01-08 08:09:38,POST /login,500,482,http://google.com,Opera/9.80
192.168.249.21,2025-01-01 12:34:20,GET /contact,302,4369,http://example.com,Mozilla/5.0
192.168.255.135,2025-01-05 18:44:49,GET /contact,404,2172,-,Opera/9.80
192.168.69.159,2025-01-08 06:49:29,GET /products,200,843,http://google.com,Safari/537.36
192.168.156.136,2025-01-07 18:38:38,POST /login,200,574,-,Chrome/90.0
192.168.249.144,2025-01-07 17:07:38,POST /login,404,1882,-,Opera/9.80
192.168.128.21,2025-01-11 11:59:33,POST /login,404,1347,-,Opera/9.80
192.168.130.247,2025-01-06 11:38:43,POST /login,500,1666,http://example.com,Safari/537.36
192.168.75.222,2025-01-05 06:38:57,GET /index.html,500,3361,-,Mozilla/5.0
192.168.140.83,2025-01-04 10:20:50,GET /products,302,1179,http://google.com,Chrome/90.0
192.168.156.40,2025-01-01 12:17:27,GET /index.html,200,3214,-,Mozilla/5.0
192.168.20.114,2025-01-06 01:03:03,GET /products,404,4434,http://example.com,Chrome/90.0
192.168.56.37,2025-01-06 15:54:56,GET /index.html,500,3374,http://example.com,Chrome/90.0
192.168.51.225,2025-01-07 15:45:43,POST /login,200,1357,-,Opera/9.80
192.168.43.163,2025-01-04 19:34:26,GET /products,500,1297,http://google.com,Safari/537.36
192.168.190.143,2025-01-04 04:08:48,GET /index.html,500,4271,-,Chrome/90.0
192.168.175.10,2025-01-06 03:23:25,POST /login,404,3133,-,Chrome/90.0
192.168.11.59,2025-01-12 01:15:11,POST /login,200,867,-,Opera/9.80
192.168.203.15,2025-01-10 15:04:28,GET /contact,500,2828,-,Opera/9.80
192.168.156.104,2025-01-06 05:22:51,GET /index.html,404,2486,-,Opera/9.80
192.168.21.82,2025-01-06 13:40:18,POST /login,302,219,http://google.com,Chrome/90.0
192.168.125.31,2025-01-03 06:45:12,GET /products,404,3822,-,Chrome/90.0
192.168.167.95,2025-01-03 02:26:01,GET /contact,302,1462,http://example.com,Safari/537.36
192.168.27.48,2025-01-02 19:58:36,POST /login,302,1746,-,Mozilla/5.0
192.168.83.125,2025-01-07 17:48:56,POST /login,302,751,-,Mozilla/5.0
192.168.171.235,2025-01-08 19:40:29,GET /products,302,1169,http://google.com,Safari/537.36
192.168.66.79,2025-01-04 01:02:35,GET /products,404,2122,-,Mozilla/5.0
192.168.56.131,2025-01-06 21:53:39,GET /products,200,1331,-,Opera/9.80
192.168.192.33,2025-01-10 18:31:45,GET /contact,404,320,http://example.com,Safari/537.36
192.168.165.66,2025-01-11 18:11:18,GET /contact,404,2094,http://google.com,Opera/9.80
192.168.227.162,2025-01-05 20:05:30,GET /index.html,200,207,http://google.com,Safari/537.36
192.168.54.118,2025-01-11 10:30:25,GET /index.html,500,2087,http://example.com,Chrome/90.0
192.168.14.207,2025-01-10 06:51:42,GET /index.html,404,1170,http://google.com,Safari/537.36
192.168.69.111,2025-01-03 15:07:01,GET /contact,302,4234,-,Chrome/90.0
192.168.241.158,2025-01-05 11:59:49,GET /contact,404,424,http://google.com,Safari/537.36
192.168.93.160,2025-01-03 12:38:08,GET /index.html,500,492,http://example.com,Safari/537.36
192.168.129.108,2025-01-10 15:23:04,GET /products,404,439,http://google.com,Opera/9.80
192.168.86.231,2025-01-09 03:17:19,POST /login,302,1251,-,Chrome/90.0
192.168.220.89,2025-01-07 02:30:14,GET /products,404,4135,http://example.com,Mozilla/5.0
192.168.185.249,2025-01-07 22:33:40,POST /login,500,3087,http://example.com,Chrome/90.0
192.168.75.209,2025-01-05 21:42:49,GET /contact,302,2968,-,Mozilla/5.0
192.168.81.112,2025-01-06 11:43:56,GET /index.html,404,2315,http://google.com,Opera/9.80
192.168.205.252,2025-01-01 03:17:02,POST /login,404,1623,-,Chrome/90.0
192.168.106.219,2025-01-06 07:51:45,GET /index.html,500,4511,-,Mozilla/5.0
192.168.167.201,2025-01-10 15:24:17,POST /login,302,4935,http://example.com,Chrome/90.0
192.168.132.144,2025-01-09 13:52:03,GET /index.html,302,4691,http://google.com,Safari/537.36
192.168.13.184,2025-01-01 11:29:09,GET /contact,404,2376,-,Safari/537.36
192.168.118.127,2025-01-11 13:33:49,GET /products,404,691,-,Chrome/90.0
192.168.225.33,2025-01-10 07:10:37,GET /products,404,1940,http://example.com,Chrome/90.0
192.168.119.101,2025-01-02 06:16:06,POST /login,404,4670,http://example.com,Mozilla/5.0
192.168.152.0,2025-01-11 05:11:41,POST /login,500,4154,http://google.com,Chrome/90.0
192.168.186.117,2025-01-01 08:27:08,GET /contact,302,1022,http://google.com,Safari/537.36
192.168.140.191,2025-01-04 04:47:34,GET /products,200,4070,http://google.com,Opera/9.80
192.168.61.201,2025-01-06 18:34:04,GET /contact,500,3619,-,Mozilla/5.0
192.168.220.189,2025-01-07 18:49:46,POST /login,500,524,http://example.com,Mozilla/5.0
192.168.161.131,2025-01-03 18:57:06,POST /login,500,241,http://example.com,Chrome/90.0
192.168.26.49,2025-01-08 14:27:54,GET /index.html,302,1854,http://google.com,Safari/537.36
192.168.86.179,2025-01-03 23:58:18,POST /login,500,3186,http://example.com,Chrome/90.0
192.168.218.144,2025-01-05 15:29:27,POST /login,404,932,http://google.com,Chrome/90.0
192.168.222.48,2025-01-04 12:18:02,GET /products,302,1897,-,Opera/9.80
192.168.188.102,2025-01-06 01:20:12,GET /contact,500,4837,http://example.com,Chrome/90.0
192.168.120.144,2025-01-09 05:30:37,POST /login,500,2119,http://example.com,Opera/9.80
192.168.104.139,2025-01-11 09:16:35,POST /login,404,1689,-,Chrome/90.0
192.168.134.100,2025-01-10 01:34:01,POST /login,500,776,http://example.com,Chrome/90.0
192.168.103.123,2025-01-02 18:33:54,POST /login,200,2197,http://google.com,Chrome/90.0
192.168.151.124,2025-01-01 02:09:56,POST /login,404,102,-,Opera/9.80
192.168.112.46,2025-01-06 00:51:44,GET /contact,200,3830,http://google.com,Safari/537.36
192.168.47.108,2025-01-05 11:07:57,POST /login,200,1342,http://google.com,Mozilla/5.0
192.168.229.145,2025-01-03 02:01:58,GET /index.html,404,621,-,Chrome/90.0
192.168.106.168,2025-01-12 09:24:26,GET /contact,404,2889,-,Safari/537.36
192.168.237.67,2025-01-06 22:37:45,POST /login,500,1621,http://example.com,Chrome/90.0
192.168.162.47,2025-01-05 15:09:04,GET /products,302,4700,http://example.com,Chrome/90.0
192.168.69.28,2025-01-05 16:30:53,POST /login,200,601,http://google.com,Mozilla/5.0
192.168.163.26,2025-01-06 16:04:14,GET /products,200,3424,http://example.com,Chrome/90.0
192.168.52.140,2025-01-04 14:16:49,GET /index.html,404,645,http://google.com,Chrome/90.0
192.168.118.102,2025-01-11 18:37:42,GET /index.html,404,514,http://google.com,Opera/9.80
192.168.127.207,2025-01-10 08:48:55,POST /login,302,2054,http://example.com,Safari/537.36
192.168.238.174,2025-01-08 13:55:43,GET /index.html,200,2407,http://google.com,Mozilla/5.0
192.168.13.147,2025-01-06 05:25:09,POST /login,404,434,-,Mozilla/5.0
192.168.70.180,2025-01-05 09:41:05,GET /contact,200,3845,-,Safari/537.36
192.168.210.146,2025-01-02 03:33:50,POST /login,200,929,http://example.com,Chrome/90.0
192.168.89.211,2025-01-01 19:24:56,GET /index.html,500,2805,-,Opera/9.80
192.168.230.177,2025-01-11 12:05:00,GET /index.html,500,3417,http://example.com,Mozilla/5.0
192.168.55.139,2025-01-01 01:47:59,POST /login,200,4957,http://google.com,Safari/537.36
192.168.39.167,2025-01-07 02:51:08,GET /index.html,302,1078,http://example.com,Chrome/90.0
192.168.15.14,2025-01-08 00:55:36,POST /login,404,1876,http://example.com,Mozilla/5.0
192.168.136.30,2025-01-11 11:30:51,POST /login,302,1440,http://example.com,Chrome/90.0
192.168.198.91,2025-01-07 10:34:01,GET /contact,302,4590,http://example.com,Mozilla/5.0
192.168.70.159,2025-01-06 11:41:58,GET /products,302,2907,http://example.com,Opera/9.80
192.168.55.46,2025-01-04 02:23:52,GET /contact,302,2160,http://google.com,Chrome/90.0
192.168.0.58,2025-01-05 20:01:59,GET /products,302,1943,http://example.com,Chrome/90.0
192.168.145.150,2025-01-02 19:20:21,GET /products,200,4403,http://google.com,Chrome/90.0
192.168.58.212,2025-01-10 19:41:43,GET /products,404,359,-,Opera/9.80
192.168.194.49,2025-01-08 11:16:23,GET /contact,200,567,-,Opera/9.80
192.168.167.248,2025-01-04 03:47:34,GET /index.html,404,4604,-,Opera/9.80
192.168.36.132,2025-01-08 08:50:03,GET /products,404,3588,http://google.com,Mozilla/5.0
192.168.81.122,2025-01-01 12:39:43,GET /index.html,404,374,-,Chrome/90.0
192.168.110.30,2025-01-06 02:08:57,POST /login,500,1154,http://example.com,Opera/9.80
192.168.128.198,2025-01-11 14:58:56,GET /products,500,2609,http://google.com,Opera/9.80
192.168.243.175,2025-01-09 19:35:55,POST /login,404,3123,http://example.com,Chrome/90.0
192.168.89.196,2025-01-12 00:14:24,GET /contact,200,3118,-,Safari/537.36
192.168.127.204,2025-01-01 18:55:30,POST /login,302,549,http://example.com,Chrome/90.0
192.168.154.36,2025-01-09 05:31:42,GET /index.html,404,3223,http://example.com,Chrome/90.0
192.168.9.41,2025-01-06 10:05:48,POST /login,500,3430,http://example.com,Opera/9.80
192.168.34.176,2025-01-12 07:47:55,GET /contact,404,2011,http://example.com,Safari/537.36
192.168.252.209,2025-01-07 05:23:17,GET /index.html,404,4174,http://example.com,Mozilla/5.0
192.168.140.82,2025-01-11 21:48:53,GET /contact,404,4403,-,Mozilla/5.0
192.168.3.172,2025-01-07 03:55:06,GET /products,404,4577,-,Safari/537.36
192.168.39.210,2025-01-03 20:30:08,GET /products,500,747,http://google.com,Mozilla/5.0
192.168.37.242,2025-01-12 06:22:30,GET /contact,200,708,http://google.com,Safari/537.36
192.168.254.154,2025-01-01 01:08:02,POST /login,302,2483,-,Safari/537.36
192.168.4.8,2025-01-04 07:10:02,GET /index.html,200,4775,-,Mozilla/5.0
192.168.116.193,2025-01-11 03:36:46,GET /products,302,669,-,Opera/9.80
192.168.30.76,2025-01-05 01:24:13,POST /login,500,4368,http://example.com,Chrome/90.0
192.168.184.195,2025-01-03 01:09:32,GET /products,500,4781,-,Safari/537.36
192.168.232.102,2025-01-09 07:12:28,GET /index.html,302,2627,http://google.com,Opera/9.80
192.168.133.195,2025-01-04 11:45:30,GET /products,200,4124,http://google.com,Chrome/90.0
192.168.119.248,2025-01-11 23:14:31,GET /index.html,404,4759,http://google.com,Chrome/90.0
192.168.73.133,2025-01-02 22:47:24,GET /index.html,500,1685,http://google.com,Safari/537.36
192.168.4.23,2025-01-11 23:21:44,GET /products,200,1583,-,Mozilla/5.0
192.168.163.245,2025-01-01 06:39:25,POST /login,302,1863,-,Chrome/90.0
192.168.228.96,2025-01-10 17:24:48,GET /contact,500,1498,-,Safari/537.36
192.168.9.214,2025-01-05 13:55:10,GET /index.html,500,315,-,Chrome/90.0
192.168.30.88,2025-01-09 21:51:10,GET /index.html,500,3094,-,Opera/9.80
192.168.245.115,2025-01-06 15:07:36,GET /products,404,416,http://google.com,Chrome/90.0
192.168.175.75,2025-01-11 10:31:52,POST /login,302,4085,http://example.com,Safari/537.36
192.168.208.184,2025-01-03 18:42:35,POST /login,200,1103,http://example.com,Chrome/90.0
192.168.147.11,2025-01-06 20:10:23,POST /login,500,4049,http://example.com,Chrome/90.0
192.168.132.199,2025-01-10 14:40:39,GET /products,404,2352,http://example.com,Mozilla/5.0
192.168.190.159,2025-01-03 15:12:03,GET /index.html,500,1591,http://google.com,Safari/537.36
192.168.244.217,2025-01-11 16:22:02,POST /login,404,165,-,Mozilla/5.0
192.168.180.188,2025-01-09 15:34:48,POST /login,404,768,-,Chrome/90.0
192.168.33.61,2025-01-01 23:56:43,GET /contact,404,1564,http://example.com,Chrome/90.0
192.168.82.24,2025-01-05 04:48:14,GET /contact,404,4892,-,Opera/9.80
192.168.141.170,2025-01-01 11:30:12,GET /index.html,404,3954,http://google.com,Opera/9.80
192.168.56.3,2025-01-02 02:10:39,GET /index.html,200,651,-,Safari/537.36
192.168.224.237,2025-01-09 17:12:16,POST /login,200,3788,-,Mozilla/5.0
192.168.194.191,2025-01-08 05:26:17,GET /index.html,500,2942,http://example.com,Opera/9.80
192.168.118.229,2025-01-07 01:30:45,POST /login,200,3410,-,Mozilla/5.0
192.168.212.171,2025-01-11 19:21:19,GET /index.html,404,4464,http://example.com,Chrome/90.0
192.168.214.165,2025-01-01 11:53:21,POST /login,500,3042,http://google.com,Chrome/90.0
192.168.113.189,2025-01-07 15:10:30,GET /index.html,500,216,-,Chrome/90.0
192.168.192.8,2025-01-11 12:52:49,POST /login,302,2535,http://example.com,Mozilla/5.0
192.168.180.138,2025-01-02 07:00:56,GET /contact,404,1234,http://example.com,Safari/537.36
192.168.96.178,2025-01-05 10:18:42,GET /contact,302,4555,http://google.com,Safari/537.36
192.168.148.135,2025-01-11 13:19:24,GET /products,404,1724,-,Opera/9.80
192.168.104.158,2025-01-07 02:09:46,GET /index.html,500,1695,http://example.com,Chrome/90.0
192.168.27.185,2025-01-03 17:25:50,POST /login,404,3813,-,Mozilla/5.0
192.168.107.224,2025-01-10 07:03:20,POST /login,302,3301,http://example.com,Opera/9.80
192.168.242.106,2025-01-05 04:05:38,GET /index.html,200,3688,http://google.com,Chrome/90.0
192.168.91.38,2025-01-09 08:29:16,GET /products,404,4746,-,Chrome/90.0
192.168.181.231,2025-01-01 14:34:00,POST /login,404,2911,-,Safari/537.36
192.168.146.254,2025-01-12 05:01:06,GET /products,302,2387,http://example.com,Opera/9.80
192.168.45.166,2025-01-09 21:24:13,POST /login,404,2642,http://google.com,Opera/9.80
192.168.64.22,2025-01-04 06:16:35,GET /contact,500,4440,http://google.com,Safari/537.36
192.168.91.95,2025-01-03 05:05:16,GET /products,302,143,http://example.com,Mozilla/5.0
192.168.116.102,2025-01-10 21:59:18,GET /contact,404,2938,http://google.com,Opera/9.80
192.168.210.16,2025-01-06 07:35:43,POST /login,200,4405,http://example.com,Chrome/90.0
192.168.152.68,2025-01-03 03:46:44,GET /contact,404,4625,-,Mozilla/5.0
192.168.93.189,2025-01-03 18:33:37,GET /contact,500,3472,-,Chrome/90.0
192.168.176.11,2025-01-07 05:54:12,POST /login,500,662,http://example.com,Chrome/90.0
192.168.162.112,2025-01-02 04:51:53,GET /contact,500,161,http://example.com,Safari/537.36
192.168.9.74,2025-01-04 01:40:45,GET /index.html,404,1448,http://example.com,Safari/537.36
192.168.45.19,2025-01-12 04:19:11,POST /login,404,161,http://example.com,Safari/537.36
192.168.64.138,2025-01-01 00:54:26,GET /contact,302,163,http://google.com,Chrome/90.0
192.168.248.98,2025-01-01 03:24:05,GET /index.html,500,1553,http://google.com,Chrome/90.0
192.168.10.151,2025-01-11 17:16:44,GET /index.html,404,4174,http://google.com,Safari/537.36
192.168.169.237,2025-01-12 08:28:10,GET /index.html,200,3600,http://google.com,Mozilla/5.0
192.168.52.34,2025-01-01 14:35:19,POST /login,200,3880,-,Mozilla/5.0
192.168.83.99,2025-01-03 06:35:13,GET /index.html,302,4739,http://google.com,Opera/9.80
192.168.217.31,2025-01-04 12:49:47,GET /contact,404,1070,-,Safari/537.36
192.168.3.150,2025-01-08 06:48:18,GET /index.html,200,1390,-,Mozilla/5.0
192.168.179.181,2025-01-10 14:02:18,GET /products,302,2975,http://google.com,Mozilla/5.0
192.168.184.50,2025-01-09 23:03:22,GET /contact,404,4778,http://google.com,Mozilla/5.0
192.168.54.122,2025-01-02 22:30:26,GET /index.html,404,3283,-,Chrome/90.0
192.168.75.227,2025-01-07 05:19:43,GET /contact,302,2861,http://google.com,Chrome/90.0
192.168.185.208,2025-01-10 19:00:28,GET /index.html,200,503,http://google.com,Chrome/90.0
192.168.99.107,2025-01-10 13:37:32,POST /login,404,382,http://example.com,Chrome/90.0
192.168.223.152,2025-01-05 15:35:34,GET /contact,500,545,http://google.com,Mozilla/5.0
192.168.148.225,2025-01-01 05:53:01,POST /login,302,3107,-,Opera/9.80
192.168.17.76,2025-01-05 07:29:24,GET /products,404,1966,http://google.com,Chrome/90.0
192.168.169.154,2025-01-10 20:39:16,POST /login,302,1959,http://google.com,Chrome/90.0
192.168.7.143,2025-01-11 02:43:50,GET /products,500,4231,http://example.com,Safari/537.36
192.168.189.205,2025-01-03 02:32:11,POST /login,404,1094,http://google.com,Mozilla/5.0
192.168.144.148,2025-01-01 08:11:34,GET /contact,200,4415,http://google.com,Opera/9.80
192.168.18.103,2025-01-02 22:04:54,GET /products,404,3040,-,Safari/537.36
192.168.125.49,2025-01-03 00:00:09,GET /contact,200,2535,-,Opera/9.80
192.168.83.134,2025-01-04 10:27:55,POST /login,302,2415,http://example.com,Safari/537.36
192.168.211.76,2025-01-05 02:23:27,GET /index.html,500,4983,-,Mozilla/5.0
192.168.56.132,2025-01-01 22:13:59,GET /products,200,1554,http://google.com,Chrome/90.0
192.168.162.161,2025-01-05 07:55:50,POST /login,302,2599,-,Chrome/90.0
192.168.161.145,2025-01-03 18:09:14,POST /login,500,487,http://example.com,Chrome/90.0
192.168.14.235,2025-01-07 23:54:59,GET /contact,500,674,http://google.com,Mozilla/5.0
192.168.72.105,2025-01-09 23:51:57,GET /products,500,3264,http://example.com,Mozilla/5.0
192.168.24.56,2025-01-09 06:37:21,POST /login,404,2334,http://google.com,Safari/537.36
192.168.190.196,2025-01-08 06:58:07,GET /products,200,3735,http://google.com,Mozilla/5.0
192.168.147.174,2025-01-09 20:17:49,GET /contact,302,630,-,Mozilla/5.0
192.168.20.136,2025-01-04 16:33:25,GET /index.html,500,2083,http://google.com,Mozilla/5.0
192.168.38.141,2025-01-06 00:28:52,GET /index.html,302,1895,-,Opera/9.80
192.168.132.250,2025-01-09 03:45:17,GET /products,404,3197,-,Chrome/90.0
192.168.215.33,2025-01-09 13:01:56,GET /products,200,345,-,Mozilla/5.0
192.168.166.109,2025-01-10 05:36:59,GET /products,500,2748,-,Safari/537.36
192.168.204.116,2025-01-04 22:36:37,GET /products,500,3113,-,Opera/9.80
192.168.142.13,2025-01-03 16:58:39,GET /index.html,200,4755,http://example.com,Mozilla/5.0
192.168.178.141,2025-01-03 10:00:24,POST /login,500,4124,http://example.com,Opera/9.80
192.168.92.13,2025-01-05 07:40:15,GET /products,302,620,http://example.com,Opera/9.80
192.168.109.201,2025-01-06 22:46:17,POST /login,302,208,-,Safari/537.36
192.168.49.173,2025-01-10 05:54:54,GET /products,200,1716,http://google.com,Mozilla/5.0
192.168.203.106,2025-01-05 05:53:33,GET /contact,302,1889,-,Opera/9.80
192.168.40.120,2025-01-04 00:18:20,GET /products,500,1874,-,Mozilla/5.0
192.168.170.195,2025-01-10 21:57:19,POST /login,302,2027,http://example.com,Safari/537.36
192.168.188.250,2025-01-01 20:16:00,GET /index.html,200,361,http://google.com,Mozilla/5.0
192.168.26.205,2025-01-08 23:49:44,GET /contact,200,3812,-,Mozilla/5.0
192.168.161.212,2025-01-08 01:50:48,GET /index.html,302,4897,http://example.com,Opera/9.80
192.168.62.249,2025-01-07 13:21:12,GET /contact,404,1858,http://google.com,Mozilla/5.0
192.168.119.81,2025-01-02 19:34:22,GET /products,302,1512,-,Chrome/90.0
192.168.68.122,2025-01-02 22:55:42,POST /login,200,4265,http://example.com,Mozilla/5.0
192.168.179.82,2025-01-07 23:36:49,GET /contact,302,1284,-,Opera/9.80
192.168.50.28,2025-01-10 00:16:36,POST /login,302,3645,http://example.com,Mozilla/5.0
192.168.112.250,2025-01-10 19:45:36,GET /contact,500,1303,-,Chrome/90.0
192.168.203.102,2025-01-07 00:55:18,GET /products,302,3878,http://google.com,Opera/9.80
192.168.145.244,2025-01-04 05:16:06,POST /login,404,744,-,Chrome/90.0
192.168.173.43,2025-01-04 15:09:21,GET /contact,404,230,http://google.com,Mozilla/5.0
192.168.50.214,2025-01-06 08:27:19,GET /products,500,229,http://example.com,Safari/537.36
192.168.164.127,2025-01-09 03:07:03,GET /products,200,2792,-,Opera/9.80
192.168.204.159,2025-01-01 13:43:33,POST /login,302,3679,http://example.com,Mozilla/5.0
192.168.25.252,2025-01-05 21:24:23,GET /products,302,231,-,Mozilla/5.0
192.168.8.29,2025-01-02 07:02:13,GET /contact,200,2542,http://google.com,Safari/537.36
192.168.138.150,2025-01-09 17:57:58,GET /products,404,1000,http://google.com,Safari/537.36
192.168.22.21,2025-01-09 09:39:31,GET /contact,404,4684,-,Safari/537.36
192.168.254.251,2025-01-08 23:55:06,POST /login,200,874,-,Chrome/90.0
192.168.4.188,2025-01-08 22:42:27,POST /login,302,981,-,Mozilla/5.0
192.168.97.83,2025-01-10 15:41:56,GET /index.html,302,3264,-,Mozilla/5.0
192.168.239.162,2025-01-09 22:34:14,GET /products,200,601,http://google.com,Safari/537.36
192.168.21.243,2025-01-10 13:46:56,GET /contact,500,2745,http://example.com,Safari/537.36
192.168.65.56,2025-01-08 17:57:45,GET /contact,500,4540,http://example.com,Mozilla/5.0
192.168.233.157,2025-01-11 16:17:36,GET /products,302,3794,-,Opera/9.80
192.168.218.71,2025-01-07 17:32:39,POST /login,302,4638,http://google.com,Opera/9.80
192.168.210.19,2025-01-09 00:17:45,GET /index.html,302,1939,http://google.com,Mozilla/5.0
192.168.248.37,2025-01-10 01:12:33,GET /contact,200,2690,-,Chrome/90.0
192.168.39.28,2025-01-02 08:36:58,GET /index.html,302,4289,-,Mozilla/5.0
192.168.102.255,2025-01-06 13:14:02,GET /index.html,500,4965,http://example.com,Opera/9.80
192.168.203.6,2025-01-05 02:04:03,GET /index.html,404,1735,-,Mozilla/5.0
192.168.18.237,2025-01-12 00:25:30,GET /index.html,500,1866,http://example.com,Opera/9.80
192.168.210.203,2025-01-01 03:57:38,POST /login,500,2252,http://example.com,Chrome/90.0
192.168.218.24,2025-01-01 19:28:53,GET /index.html,302,2818,http://google.com,Opera/9.80
192.168.118.72,2025-01-11 09:08:45,POST /login,500,3574,http://google.com,Mozilla/5.0
192.168.144.218,2025-01-11 02:00:30,POST /login,404,490,-,Safari/537.36
192.168.180.77,2025-01-11 17:54:03,POST /login,500,200,http://google.com,Mozilla/5.0
192.168.10.3,2025-01-05 23:58:11,GET /contact,500,2005,-,Chrome/90.0
192.168.219.156,2025-01-05 03:43:02,GET /contact,200,2768,-,Safari/537.36
192.168.202.17,2025-01-10 04:53:08,GET /contact,500,4554,http://example.com,Safari/537.36
192.168.67.187,2025-01-06 00:43:26,GET /products,404,635,http://example.com,Opera/9.80
192.168.192.16,2025-01-05 11:43:41,POST /login,200,4547,http://google.com,Mozilla/5.0
192.168.7.65,2025-01-11 23:55:08,GET /index.html,500,3158,http://google.com,Chrome/90.0
192.168.28.180,2025-01-01 10:15:58,GET /contact,302,4893,http://google.com,Mozilla/5.0
192.168.238.89,2025-01-12 12:26:46,POST /login,200,4854,http://example.com,Chrome/90.0
192.168.7.108,2025-01-09 03:57:24,GET /contact,404,3253,-,Opera/9.80
192.168.82.152,2025-01-08 01:14:06,GET /contact,404,3011,http://example.com,Mozilla/5.0
192.168.199.101,2025-01-01 22:23:15,GET /products,302,694,-,Mozilla/5.0
192.168.102.121,2025-01-05 20:28:46,POST /login,200,3493,http://google.com,Mozilla/5.0
192.168.140.104,2025-01-11 12:46:36,POST /login,200,2099,-,Safari/537.36
192.168.92.187,2025-01-04 13:16:52,POST /login,500,1692,http://google.com,Safari/537.36
192.168.100.23,2025-01-11 11:39:59,GET /contact,404,3272,http://google.com,Chrome/90.0
192.168.9.246,2025-01-05 04:45:28,GET /products,404,4775,http://example.com,Safari/537.36
192.168.229.21,2025-01-05 22:22:50,GET /products,404,917,http://example.com,Safari/537.36
192.168.36.164,2025-01-10 00:28:06,GET /index.html,404,4761,-,Chrome/90.0
192.168.19.39,2025-01-09 15:38:48,POST /login,500,1201,http://google.com,Chrome/90.0
192.168.32.92,2025-01-04 16:06:52,POST /login,302,1169,http://google.com,Mozilla/5.0
192.168.152.74,2025-01-06 21:18:40,GET /products,200,1277,http://example.com,Opera/9.80
192.168.201.228,2025-01-10 18:27:10,GET /contact,302,2852,http://example.com,Opera/9.80
192.168.167.85,2025-01-03 16:15:12,POST /login,302,106,-,Opera/9.80
192.168.152.164,2025-01-01 13:58:24,GET /products,500,2635,http://google.com,Safari/537.36
192.168.52.221,2025-01-04 12:15:57,POST /login,200,328,http://google.com,Safari/537.36
192.168.74.49,2025-01-12 09:43:52,GET /contact,500,739,-,Opera/9.80
192.168.208.70,2025-01-07 00:05:31,POST /login,500,1239,-,Safari/537.36
192.168.229.132,2025-01-09 03:01:48,GET /index.html,302,2813,http://example.com,Safari/537.36
192.168.50.5,2025-01-08 07:00:56,GET /products,404,873,-,Mozilla/5.0
192.168.143.56,2025-01-07 20:44:55,GET /contact,404,2984,http://google.com,Safari/537.36
192.168.201.4,2025-01-02 06:49:49,POST /login,302,951,-,Mozilla/5.0
192.168.121.141,2025-01-01 18:57:04,GET /contact,302,4269,http://example.com,Safari/537.36
192.168.58.14,2025-01-03 09:45:01,GET /index.html,404,2344,http://example.com,Safari/537.36
192.168.191.20,2025-01-08 13:09:49,GET /index.html,500,464,http://google.com,Chrome/90.0
192.168.160.195,2025-01-07 13:25:26,GET /products,302,663,-,Safari/537.36
192.168.131.232,2025-01-02 14:31:39,GET /products,404,4211,http://example.com,Chrome/90.0
192.168.227.69,2025-01-07 23:22:59,GET /contact,404,4690,-,Opera/9.80
192.168.170.218,2025-01-08 14:36:32,GET /products,500,4167,http://example.com,Chrome/90.0
192.168.57.248,2025-01-08 16:15:48,GET /index.html,302,4284,http://google.com,Chrome/90.0
192.168.143.162,2025-01-01 15:38:28,POST /login,500,2567,http://example.com,Opera/9.80
192.168.203.125,2025-01-04 05:52:47,GET /index.html,500,631,-,Safari/537.36
192.168.58.178,2025-01-04 04:32:31,GET /index.html,200,2422,-,Mozilla/5.0
192.168.75.201,2025-01-05 19:44:10,GET /products,404,770,http://example.com,Safari/537.36
192.168.18.124,2025-01-11 06:13:47,POST /login,200,337,http://google.com,Opera/9.80
192.168.231.129,2025-01-06 17:39:20,GET /index.html,404,306,http://example.com,Opera/9.80
192.168.73.61,2025-01-09 18:14:09,GET /products,200,4091,http://example.com,Chrome/90.0
192.168.224.44,2025-01-02 15:06:21,GET /contact,404,207,http://google.com,Opera/9.80
192.168.135.197,2025-01-05 08:27:56,GET /products,500,4873,http://google.com,Mozilla/5.0
192.168.10.217,2025-01-07 10:00:04,GET /index.html,200,1270,http://example.com,Chrome/90.0
192.168.78.71,2025-01-03 21:58:27,GET /contact,404,2468,http://google.com,Mozilla/5.0
192.168.79.79,2025-01-06 04:24:22,GET /contact,404,3337,-,Safari/537.36
192.168.86.93,2025-01-08 23:22:40,POST /login,404,164,-,Opera/9.80
192.168.17.249,2025-01-01 07:31:21,GET /contact,200,3199,-,Opera/9.80
192.168.223.187,2025-01-10 21:33:03,GET /index.html,404,2423,-,Chrome/90.0
192.168.193.185,2025-01-06 03:24:38,GET /index.html,404,3297,http://example.com,Opera/9.80
192.168.118.70,2025-01-03 19:47:53,GET /products,200,1571,http://example.com,Opera/9.80
192.168.117.5,2025-01-04 03:53:16,GET /index.html,404,4700,http://example.com,Safari/537.36
192.168.80.210,2025-01-11 20:50:31,GET /products,200,2067,http://google.com,Opera/9.80
192.168.172.89,2025-01-01 16:06:46,GET /contact,404,874,-,Safari/537.36
192.168.72.215,2025-01-06 12:17:44,GET /products,302,1276,-,Safari/537.36
192.168.242.47,2025-01-09 21:41:50,GET /products,404,3104,-,Mozilla/5.0
192.168.118.136,2025-01-09 10:40:19,GET /index.html,500,4900,-,Mozilla/5.0
192.168.211.216,2025-01-02 18:45:01,GET /contact,500,973,http://google.com,Chrome/90.0
192.168.241.66,2025-01-04 03:28:57,GET /contact,200,2874,http://example.com,Chrome/90.0
192.168.225.150,2025-01-01 00:30:15,POST /login,302,4524,-,Opera/9.80
192.168.35.17,2025-01-06 08:45:53,POST /login,200,363,-,Chrome/90.0
192.168.25.184,2025-01-06 01:04:33,POST /login,302,4617,http://example.com,Chrome/90.0
192.168.136.153,2025-01-07 20:20:52,GET /products,200,4175,-,Chrome/90.0
192.168.49.234,2025-01-08 13:38:50,GET /index.html,404,2007,-,Chrome/90.0
192.168.107.168,2025-01-08 06:24:11,GET /index.html,500,1373,http://google.com,Safari/537.36
192.168.27.184,2025-01-02 22:09:31,POST /login,200,902,http://google.com,Opera/9.80
192.168.8.68,2025-01-11 22:58:34,POST /login,302,2744,-,Chrome/90.0
192.168.178.245,2025-01-10 00:14:48,GET /index.html,500,420,http://example.com,Chrome/90.0
192.168.188.168,2025-01-01 10:37:23,GET /contact,404,4265,-,Mozilla/5.0
192.168.84.21,2025-01-06 01:27:50,GET /products,500,3118,http://google.com,Mozilla/5.0
192.168.221.221,2025-01-10 18:49:56,GET /products,302,1794,-,Chrome/90.0
192.168.169.211,2025-01-04 21:17:58,POST /login,302,3567,http://google.com,Mozilla/5.0
192.168.49.16,2025-01-03 16:14:41,GET /products,404,154,-,Mozilla/5.0
192.168.220.63,2025-01-03 04:40:58,GET /contact,404,4952,http://google.com,Mozilla/5.0
192.168.149.97,2025-01-01 21:43:57,POST /login,404,3615,-,Mozilla/5.0
192.168.7.144,2025-01-06 09:46:14,POST /login,404,4625,http://example.com,Mozilla/5.0
192.168.8.120,2025-01-03 23:40:49,GET /products,500,2109,http://google.com,Chrome/90.0
192.168.174.186,2025-01-12 07:57:48,GET /index.html,302,2986,http://example.com,Safari/537.36
192.168.82.82,2025-01-02 01:19:52,GET /index.html,500,1122,http://google.com,Opera/9.80
192.168.24.146,2025-01-03 01:38:07,GET /index.html,200,1463,http://google.com,Safari/537.36
192.168.32.74,2025-01-02 04:56:31,GET /contact,302,4291,http://example.com,Safari/537.36
192.168.206.16,2025-01-01 04:26:56,GET /contact,200,2024,http://example.com,Safari/537.36
192.168.185.211,2025-01-04 22:20:00,GET /index.html,302,4338,-,Safari/537.36
192.168.208.152,2025-01-04 03:43:51,GET /contact,200,2082,-,Mozilla/5.0
192.168.152.57,2025-01-08 01:01:23,POST /login,302,2447,http://example.com,Opera/9.80
192.168.98.111,2025-01-02 06:01:27,GET /products,500,3899,http://example.com,Chrome/90.0
192.168.105.190,2025-01-03 09:30:40,GET /contact,500,4737,-,Chrome/90.0
192.168.113.31,2025-01-05 20:50:38,POST /login,302,2980,http://google.com,Safari/537.36
192.168.75.0,2025-01-04 09:43:17,GET /products,302,3678,http://example.com,Chrome/90.0
192.168.84.135,2025-01-11 11:17:56,GET /products,302,4002,-,Safari/537.36
192.168.62.98,2025-01-12 05:13:58,POST /login,302,1638,-,Mozilla/5.0
192.168.69.131,2025-01-01 13:56:59,GET /index.html,500,2689,http://example.com,Chrome/90.0
192.168.22.52,2025-01-06 11:12:52,GET /index.html,200,4834,http://google.com,Chrome/90.0
192.168.96.17,2025-01-05 04:54:24,GET /products,404,132,http://google.com,Safari/537.36
192.168.80.50,2025-01-06 15:25:52,GET /index.html,404,2468,http://example.com,Safari/537.36
192.168.60.245,2025-01-02 04:38:05,GET /products,500,1587,http://google.com,Opera/9.80
192.168.216.48,2025-01-09 03:05:59,GET /products,200,3411,-,Chrome/90.0
192.168.52.56,2025-01-06 04:35:27,GET /products,500,3736,http://google.com,Mozilla/5.0
192.168.235.251,2025-01-03 14:56:23,POST /login,500,2486,-,Mozilla/5.0
192.168.102.83,2025-01-07 03:59:03,GET /contact,404,3762,http://example.com,Chrome/90.0
192.168.171.113,2025-01-07 08:49:05,GET /products,200,722,http://google.com,Opera/9.80
192.168.166.253,2025-01-03 20:55:55,GET /index.html,500,3422,http://google.com,Opera/9.80
192.168.111.219,2025-01-09 12:48:28,GET /index.html,302,4869,http://example.com,Safari/537.36
192.168.210.163,2025-01-05 20:04:44,GET /index.html,302,1381,-,Mozilla/5.0
192.168.41.184,2025-01-06 18:01:46,POST /login,200,3719,http://google.com,Safari/537.36
192.168.148.91,2025-01-01 19:50:42,GET /products,302,2362,http://google.com,Mozilla/5.0
192.168.127.254,2025-01-11 02:04:43,GET /index.html,500,2403,http://example.com,Chrome/90.0
192.168.14.188,2025-01-04 17:57:33,GET /index.html,200,2430,http://example.com,Safari/537.36
192.168.13.11,2025-01-11 10:53:52,GET /index.html,200,4436,http://google.com,Mozilla/5.0
192.168.126.217,2025-01-04 03:22:00,POST /login,200,1964,http://example.com,Safari/537.36
192.168.72.29,2025-01-03 03:46:11,GET /index.html,500,663,http://example.com,Chrome/90.0
192.168.23.244,2025-01-11 19:40:44,POST /login,404,2240,http://example.com,Opera/9.80
192.168.137.4,2025-01-04 12:36:07,GET /contact,302,1301,-,Safari/537.36
192.168.55.205,2025-01-04 16:33:16,GET /index.html,404,2124,http://google.com,Chrome/90.0
192.168.116.227,2025-01-01 04:37:37,GET /index.html,200,526,http://google.com,Safari/537.36
192.168.159.121,2025-01-09 16:52:03,GET /contact,500,3084,http://example.com,Safari/537.36
192.168.115.114,2025-01-07 04:33:08,GET /contact,200,3815,http://example.com,Mozilla/5.0
192.168.76.244,2025-01-12 02:06:09,GET /contact,404,296,http://google.com,Safari/537.36
192.168.38.177,2025-01-04 10:43:54,POST /login,302,3722,http://google.com,Chrome/90.0
192.168.49.36,2025-01-08 08:28:00,GET /index.html,302,1104,http://google.com,Chrome/90.0
192.168.139.45,2025-01-09 05:44:22,GET /index.html,200,1089,http://google.com,Opera/9.80
192.168.10.191,2025-01-05 01:58:51,GET /products,200,3111,http://google.com,Opera/9.80
192.168.129.38,2025-01-02 03:29:38,POST /login,200,4121,http://example.com,Chrome/90.0
192.168.145.229,2025-01-11 12:07:02,GET /index.html,302,3703,http://example.com,Chrome/90.0
192.168.155.167,2025-01-12 03:46:44,GET /index.html,200,4905,http://example.com,Opera/9.80
192.168.241.12,2025-01-05 05:27:47,GET /index.html,302,436,-,Chrome/90.0
192.168.32.221,2025-01-09 00:21:02,POST /login,500,193,http://google.com,Safari/537.36
192.168.9.178,2025-01-04 17:24:17,GET /products,200,3873,http://example.com,Safari/537.36
192.168.234.9,2025-01-04 05:23:53,GET /contact,500,2506,http://google.com,Chrome/90.0
192.168.53.154,2025-01-01 05:13:10,GET /contact,404,4842,http://google.com,Chrome/90.0
192.168.85.159,2025-01-12 10:06:31,GET /contact,500,1057,http://google.com,Chrome/90.0
192.168.139.234,2025-01-05 05:16:55,GET /index.html,302,1882,http://example.com,Opera/9.80
192.168.140.165,2025-01-07 15:02:15,POST /login,200,208,http://google.com,Safari/537.36
192.168.29.23,2025-01-04 14:12:58,GET /contact,302,938,http://google.com,Safari/537.36
192.168.217.16,2025-01-12 07:25:01,POST /login,302,651,http://example.com,Mozilla/5.0
192.168.93.144,2025-01-09 06:30:19,GET /products,500,1306,http://google.com,Chrome/90.0
192.168.18.240,2025-01-04 08:26:44,GET /contact,200,1728,http://google.com,Opera/9.80
192.168.108.207,2025-01-03 03:54:34,GET /products,404,250,http://google.com,Opera/9.80
192.168.51.209,2025-01-07 02:36:21,POST /login,302,4499,http://google.com,Chrome/90.0
192.168.236.185,2025-01-03 23:42:55,GET /products,500,2198,http://example.com,Chrome/90.0
192.168.17.112,2025-01-02 20:57:46,POST /login,302,829,-,Opera/9.80
192.168.63.177,2025-01-07 14:43:29,GET /products,404,4042,http://example.com,Mozilla/5.0
192.168.207.100,2025-01-04 08:09:33,GET /index.html,302,1780,http://google.com,Mozilla/5.0
192.168.0.97,2025-01-09 21:29:11,GET /contact,500,3473,http://example.com,Mozilla/5.0
192.168.67.160,2025-01-01 21:09:25,GET /products,404,304,http://google.com,Opera/9.80
192.168.204.106,2025-01-02 02:20:34,GET /products,200,4175,http://example.com,Chrome/90.0
192.168.141.60,2025-01-01 21:14:02,GET /products,500,4028,http://google.com,Opera/9.80
192.168.243.14,2025-01-01 09:29:08,GET /contact,302,2993,-,Chrome/90.0
192.168.94.123,2025-01-04 10:04:08,GET /products,302,1169,-,Chrome/90.0
192.168.110.131,2025-01-05 12:59:51,POST /login,404,1685,-,Chrome/90.0
192.168.225.103,2025-01-11 08:57:18,GET /products,500,2410,http://google.com,Chrome/90.0
192.168.164.69,2025-01-04 06:17:14,GET /contact,302,4742,http://example.com,Safari/537.36
192.168.187.137,2025-01-07 06:42:38,GET /index.html,404,1814,http://example.com,Opera/9.80
192.168.162.161,2025-01-01 23:10:11,GET /contact,500,3163,http://google.com,Opera/9.80
192.168.18.45,2025-01-09 09:14:00,GET /index.html,302,4523,http://example.com,Safari/537.36
192.168.58.125,2025-01-02 22:35:33,POST /login,302,4646,http://example.com,Chrome/90.0
192.168.170.211,2025-01-10 03:01:44,GET /contact,302,3537,http://example.com,Opera/9.80
192.168.174.119,2025-01-04 08:26:06,POST /login,500,4557,http://example.com,Opera/9.80
192.168.133.160,2025-01-07 16:33:35,GET /contact,500,4290,http://example.com,Opera/9.80
192.168.156.62,2025-01-07 15:33:58,GET /index.html,500,2616,http://example.com,Mozilla/5.0
192.168.146.107,2025-01-10 23:23:32,POST /login,404,2997,http://example.com,Safari/537.36
192.168.7.209,2025-01-09 18:51:30,GET /products,404,4074,http://example.com,Safari/537.36
192.168.83.241,2025-01-12 02:46:31,GET /contact,404,1620,http://example.com,Opera/9.80
192.168.210.163,2025-01-02 23:40:00,POST /login,500,2102,http://google.com,Safari/537.36
192.168.163.82,2025-01-03 00:50:02,GET /contact,500,4422,-,Mozilla/5.0
192.168.240.104,2025-01-07 00:13:43,GET /contact,302,1726,http://example.com,Safari/537.36
192.168.238.225,2025-01-11 23:58:37,POST /login,500,1811,-,Opera/9.80
192.168.124.31,2025-01-02 21:00:40,GET /products,404,3077,-,Mozilla/5.0
192.168.224.150,2025-01-07 14:03:15,GET /products,302,2062,http://example.com,Safari/537.36
192.168.191.99,2025-01-03 22:36:51,GET /contact,500,3647,-,Chrome/90.0
192.168.83.86,2025-01-09 18:20:10,POST /login,404,1555,http://google.com,Safari/537.36
192.168.100.131,2025-01-08 11:06:34,GET /products,500,3013,-,Chrome/90.0
192.168.93.145,2025-01-09 17:39:46,POST /login,302,1506,-,Safari/537.36
192.168.217.136,2025-01-06 17:20:52,POST /login,500,3241,http://example.com,Mozilla/5.0
192.168.247.136,2025-01-06 11:59:05,GET /contact,404,1252,http://example.com,Chrome/90.0
192.168.234.69,2025-01-06 09:30:51,GET /contact,302,3756,-,Opera/9.80
192.168.209.121,2025-01-07 02:17:42,GET /contact,404,701,-,Mozilla/5.0
192.168.102.213,2025-01-03 18:33:18,POST /login,500,894,http://google.com,Safari/537.36
192.168.103.207,2025-01-02 22:02:21,POST /login,404,4499,http://google.com,Opera/9.80
192.168.71.77,2025-01-11 04:44:05,GET /index.html,200,3389,http://google.com,Safari/537.36
192.168.133.193,2025-01-10 12:39:01,POST /login,302,4429,-,Chrome/90.0
192.168.205.219,2025-01-01 02:14:21,POST /login,404,2521,-,Mozilla/5.0
192.168.55.81,2025-01-08 10:14:41,GET /index.html,302,1268,http://google.com,Opera/9.80
192.168.26.72,2025-01-01 05:03:12,GET /products,302,3533,-,Opera/9.80
192.168.164.70,2025-01-11 16:28:43,GET /contact,200,1025,http://google.com,Mozilla/5.0
192.168.183.224,2025-01-10 22:06:38,GET /products,302,2688,-,Chrome/90.0
192.168.176.223,2025-01-03 23:53:26,GET /products,200,682,http://example.com,Opera/9.80
192.168.129.47,2025-01-02 08:08:26,GET /index.html,200,4481,http://example.com,Safari/537.36
192.168.252.232,2025-01-09 19:07:17,GET /products,500,4758,http://example.com,Opera/9.80
192.168.19.106,2025-01-11 04:23:20,POST /login,404,4726,http://example.com,Mozilla/5.0
192.168.162.12,2025-01-03 12:04:04,GET /index.html,200,535,http://example.com,Safari/537.36
192.168.219.197,2025-01-01 21:15:49,GET /contact,500,137,http://google.com,Opera/9.80
192.168.13.204,2025-01-04 23:15:58,POST /login,500,4384,-,Safari/537.36
192.168.133.231,2025-01-08 10:47:39,GET /products,500,876,http://example.com,Opera/9.80
192.168.129.99,2025-01-03 21:51:51,GET /products,200,818,-,Chrome/90.0
192.168.40.214,2025-01-12 04:21:22,GET /contact,500,3256,http://google.com,Opera/9.80
192.168.150.96,2025-01-05 22:54:27,GET /index.html,200,3983,http://example.com,Chrome/90.0
192.168.62.219,2025-01-01 14:40:13,POST /login,404,4569,-,Chrome/90.0
192.168.78.143,2025-01-10 05:25:50,GET /products,404,1636,-,Opera/9.80
192.168.225.225,2025-01-01 19:31:47,POST /login,200,1773,http://google.com,Mozilla/5.0
192.168.212.224,2025-01-05 11:35:09,POST /login,500,3836,http://google.com,Safari/537.36
192.168.157.10,2025-01-12 10:14:25,GET /contact,500,4306,-,Mozilla/5.0
192.168.107.131,2025-01-03 04:33:11,GET /contact,404,2218,-,Safari/537.36
192.168.49.89,2025-01-06 22:00:44,POST /login,302,4431,-,Mozilla/5.0
192.168.46.214,2025-01-08 01:57:37,POST /login,200,4237,-,Opera/9.80
192.168.230.248,2025-01-09 19:32:45,GET /contact,404,800,http://example.com,Chrome/90.0
192.168.81.34,2025-01-10 08:55:57,GET /contact,302,2654,-,Opera/9.80
192.168.76.210,2025-01-06 10:43:29,GET /products,200,2848,http://example.com,Chrome/90.0
192.168.96.194,2025-01-05 12:12:49,GET /index.html,404,2612,http://google.com,Opera/9.80
192.168.146.214,2025-01-01 05:56:24,GET /index.html,200,3503,-,Mozilla/5.0
192.168.149.244,2025-01-10 15:13:26,GET /products,404,2263,-,Opera/9.80
192.168.37.50,2025-01-07 03:04:02,GET /index.html,302,1216,http://example.com,Chrome/90.0
192.168.55.165,2025-01-12 03:28:27,GET /products,200,2427,http://google.com,Mozilla/5.0
192.168.91.21,2025-01-05 04:49:27,GET /index.html,404,965,http://example.com,Opera/9.80
192.168.196.117,2025-01-06 16:54:54,GET /products,500,4662,-,Mozilla/5.0
192.168.151.47,2025-01-06 01:01:09,POST /login,404,2063,http://google.com,Mozilla/5.0
192.168.70.181,2025-01-10 10:27:16,GET /contact,500,4947,-,Safari/537.36
192.168.207.74,2025-01-09 12:12:55,POST /login,500,2621,http://example.com,Opera/9.80
192.168.125.175,2025-01-06 19:44:39,GET /contact,404,860,http://example.com,Mozilla/5.0
192.168.138.47,2025-01-08 12:06:24,GET /products,200,1783,http://example.com,Opera/9.80
192.168.191.93,2025-01-05 12:53:02,GET /products,500,1849,-,Opera/9.80
192.168.92.129,2025-01-11 01:22:29,GET /contact,200,3676,-,Chrome/90.0
192.168.171.88,2025-01-05 09:49:45,GET /products,200,2696,-,Safari/537.36
192.168.127.47,2025-01-02 16:51:24,GET /contact,500,2300,http://google.com,Opera/9.80
192.168.180.180,2025-01-02 11:55:15,GET /contact,302,667,http://google.com,Chrome/90.0
192.168.59.83,2025-01-06 20:10:54,GET /products,404,2424,-,Safari/537.36
192.168.216.189,2025-01-05 15:19:39,GET /index.html,200,1709,-,Mozilla/5.0
192.168.199.174,2025-01-10 00:26:24,GET /contact,200,3853,http://google.com,Mozilla/5.0
192.168.99.141,2025-01-02 05:52:35,GET /contact,200,3081,http://google.com,Safari/537.36
192.168.83.195,2025-01-05 23:32:03,GET /index.html,500,418,-,Opera/9.80
192.168.235.125,2025-01-06 08:20:20,POST /login,500,247,-,Mozilla/5.0
192.168.158.12,2025-01-05 13:24:25,GET /products,302,1606,-,Chrome/90.0
192.168.215.166,2025-01-05 23:57:02,GET /contact,404,2970,http://example.com,Safari/537.36
192.168.210.4,2025-01-11 04:46:39,POST /login,404,4428,http://example.com,Chrome/90.0
192.168.82.165,2025-01-03 06:25:20,POST /login,200,2072,http://google.com,Chrome/90.0
192.168.91.130,2025-01-09 11:39:10,GET /contact,302,3640,-,Mozilla/5.0
192.168.69.136,2025-01-11 05:55:51,GET /index.html,302,4520,http://example.com,Mozilla/5.0
192.168.165.15,2025-01-04 20:09:10,GET /products,302,2996,http://google.com,Mozilla/5.0
192.168.195.184,2025-01-03 13:29:21,GET /index.html,200,904,http://google.com,Mozilla/5.0
192.168.81.196,2025-01-12 04:26:43,GET /products,404,4480,http://google.com,Chrome/90.0
192.168.94.151,2025-01-07 05:38:23,GET /index.html,302,143,-,Mozilla/5.0
192.168.133.176,2025-01-02 17:04:11,GET /products,302,1533,-,Opera/9.80
192.168.128.61,2025-01-10 09:51:43,GET /products,200,2985,http://google.com,Safari/537.36
192.168.12.130,2025-01-02 07:21:01,POST /login,404,3233,-,Opera/9.80
192.168.133.118,2025-01-07 18:17:19,POST /login,500,166,-,Mozilla/5.0
192.168.154.243,2025-01-06 00:31:05,GET /products,404,1014,http://google.com,Chrome/90.0
192.168.23.207,2025-01-05 10:49:55,GET /contact,500,3928,http://google.com,Opera/9.80
192.168.176.197,2025-01-04 00:49:06,GET /products,500,1195,http://google.com,Opera/9.80
192.168.67.165,2025-01-05 23:43:01,POST /login,404,2785,http://google.com,Chrome/90.0
192.168.207.193,2025-01-09 12:40:14,POST /login,302,4522,http://google.com,Mozilla/5.0
192.168.111.167,2025-01-01 19:15:56,GET /contact,500,323,http://google.com,Safari/537.36
192.168.25.163,2025-01-08 18:48:26,GET /contact,302,2249,http://google.com,Chrome/90.0
192.168.231.24,2025-01-06 10:05:10,GET /products,500,3017,http://google.com,Chrome/90.0
192.168.0.85,2025-01-07 17:20:29,GET /contact,200,3513,http://google.com,Mozilla/5.0
192.168.66.206,2025-01-03 16:33:37,GET /products,302,493,-,Chrome/90.0
192.168.243.40,2025-01-09 02:30:07,GET /contact,200,3683,http://google.com,Mozilla/5.0
192.168.73.32,2025-01-02 22:19:27,GET /index.html,200,1961,http://google.com,Opera/9.80
192.168.161.71,2025-01-11 15:48:37,GET /contact,404,3267,http://example.com,Mozilla/5.0
192.168.93.30,2025-01-03 02:21:06,GET /contact,500,1642,http://google.com,Mozilla/5.0
192.168.137.191,2025-01-01 14:24:53,POST /login,500,944,-,Mozilla/5.0
192.168.68.138,2025-01-07 03:50:00,POST /login,500,2939,-,Mozilla/5.0
192.168.65.4,2025-01-10 05:56:19,GET /index.html,200,1157,http://google.com,Safari/537.36
192.168.198.164,2025-01-02 19:35:51,GET /products,404,883,-,Safari/537.36
192.168.71.68,2025-01-07 13:27:55,POST /login,302,3107,-,Opera/9.80
192.168.36.192,2025-01-04 00:39:14,GET /contact,404,1259,-,Mozilla/5.0
192.168.78.132,2025-01-06 17:12:14,POST /login,500,559,http://example.com,Mozilla/5.0
192.168.255.163,2025-01-02 12:44:55,POST /login,404,2247,http://example.com,Opera/9.80
192.168.198.13,2025-01-01 13:22:54,GET /index.html,500,3631,-,Opera/9.80
192.168.125.205,2025-01-09 03:30:05,GET /products,500,2293,http://example.com,Chrome/90.0
192.168.61.4,2025-01-04 19:43:05,GET /products,500,2245,http://example.com,Chrome/90.0
192.168.23.161,2025-01-10 02:23:01,GET /products,404,2908,http://example.com,Safari/537.36
192.168.162.144,2025-01-05 16:09:00,GET /index.html,302,4756,http://google.com,Mozilla/5.0
192.168.101.187,2025-01-03 17:57:14,GET /contact,500,3883,-,Mozilla/5.0
192.168.41.158,2025-01-02 18:30:16,GET /products,404,1190,-,Opera/9.80
192.168.41.240,2025-01-02 02:26:29,GET /products,404,482,http://example.com,Mozilla/5.0
192.168.218.126,2025-01-12 04:44:31,GET /contact,500,1336,-,Chrome/90.0
192.168.15.31,2025-01-02 02:39:33,GET /index.html,302,4419,http://google.com,Opera/9.80
192.168.222.48,2025-01-07 10:51:16,GET /index.html,200,292,http://google.com,Mozilla/5.0
192.168.209.189,2025-01-02 16:17:32,GET /products,302,3537,http://example.com,Mozilla/5.0
192.168.133.243,2025-01-03 08:18:23,GET /index.html,404,4997,http://example.com,Mozilla/5.0
192.168.65.183,2025-01-01 04:47:13,GET /products,200,4079,http://google.com,Safari/537.36
192.168.226.164,2025-01-05 20:22:11,GET /products,200,2272,http://google.com,Opera/9.80
192.168.116.47,2025-01-06 12:46:11,GET /contact,302,3864,http://google.com,Opera/9.80
192.168.93.238,2025-01-03 06:10:57,GET /contact,302,1967,http://example.com,Mozilla/5.0
192.168.189.226,2025-01-01 02:26:01,GET /contact,500,4641,-,Chrome/90.0
192.168.72.240,2025-01-05 04:07:32,GET /index.html,500,2534,-,Chrome/90.0
192.168.175.75,2025-01-08 05:23:00,GET /contact,404,1761,-,Chrome/90.0
192.168.82.228,2025-01-07 08:25:19,GET /contact,302,2913,http://google.com,Chrome/90.0
192.168.157.2,2025-01-06 02:04:49,GET /products,500,3707,http://google.com,Safari/537.36
192.168.123.8,2025-01-09 10:47:32,GET /products,500,1544,http://google.com,Mozilla/5.0
192.168.154.112,2025-01-08 00:00:24,GET /index.html,200,487,http://example.com,Safari/537.36
192.168.127.212,2025-01-09 09:07:04,POST /login,200,2893,http://example.com,Mozilla/5.0
192.168.205.191,2025-01-09 22:56:39,GET /products,404,3681,http://google.com,Chrome/90.0
192.168.98.83,2025-01-12 01:48:16,POST /login,404,3516,-,Opera/9.80
192.168.124.26,2025-01-12 07:10:42,POST /login,200,4236,http://google.com,Opera/9.80
192.168.128.141,2025-01-03 18:18:34,GET /products,200,1154,http://example.com,Opera/9.80
192.168.198.226,2025-01-07 16:25:22,GET /products,200,1903,http://example.com,Opera/9.80
192.168.189.20,2025-01-10 00:14:12,POST /login,500,597,http://example.com,Chrome/90.0
192.168.154.78,2025-01-01 17:51:30,GET /products,404,4853,http://google.com,Opera/9.80
192.168.234.39,2025-01-05 21:44:24,POST /login,404,4652,-,Safari/537.36
192.168.221.134,2025-01-08 04:04:47,GET /index.html,200,2212,http://example.com,Mozilla/5.0
192.168.16.102,2025-01-11 21:33:53,GET /contact,500,4406,http://example.com,Mozilla/5.0
192.168.182.141,2025-01-10 00:07:32,GET /products,302,1342,http://google.com,Safari/537.36
192.168.88.186,2025-01-01 03:12:34,GET /index.html,500,2909,http://example.com,Chrome/90.0
192.168.133.239,2025-01-08 03:56:01,GET /index.html,500,824,http://google.com,Chrome/90.0
192.168.146.35,2025-01-09 14:26:07,GET /index.html,500,4777,http://example.com,Safari/537.36
192.168.122.28,2025-01-04 23:41:36,GET /products,200,3493,http://google.com,Opera/9.80
192.168.199.171,2025-01-11 10:44:33,POST /login,404,2011,-,Safari/537.36
192.168.245.37,2025-01-03 16:37:02,POST /login,200,2781,http://example.com,Safari/537.36
192.168.78.110,2025-01-04 03:57:56,GET /index.html,500,3184,http://google.com,Chrome/90.0
192.168.81.219,2025-01-04 10:41:31,GET /index.html,302,572,-,Safari/537.36
192.168.8.60,2025-01-02 12:47:49,GET /products,500,1964,http://google.com,Safari/537.36
192.168.182.254,2025-01-08 00:41:22,GET /contact,500,3144,http://example.com,Safari/537.36
192.168.212.136,2025-01-04 06:01:44,GET /index.html,302,2617,-,Safari/537.36
192.168.113.165,2025-01-12 12:18:53,GET /contact,200,3584,http://example.com,Chrome/90.0
192.168.107.181,2025-01-10 02:01:35,GET /index.html,200,2393,-,Safari/537.36
192.168.131.174,2025-01-05 22:22:08,GET /products,200,4375,-,Opera/9.80
192.168.230.138,2025-01-03 07:29:27,GET /products,200,2528,-,Safari/537.36
192.168.66.152,2025-01-09 06:30:40,GET /index.html,404,4304,http://google.com,Safari/537.36
192.168.175.207,2025-01-12 09:01:06,GET /index.html,200,256,http://google.com,Safari/537.36
192.168.123.85,2025-01-09 16:07:30,POST /login,302,2329,http://example.com,Chrome/90.0
192.168.232.95,2025-01-07 00:06:35,GET /index.html,302,1813,http://google.com,Safari/537.36
192.168.218.253,2025-01-01 18:44:17,GET /products,500,4602,http://google.com,Chrome/90.0
192.168.243.22,2025-01-09 00:37:25,GET /contact,200,3247,http://google.com,Mozilla/5.0
192.168.50.146,2025-01-05 12:06:07,GET /contact,500,1304,-,Mozilla/5.0
192.168.190.49,2025-01-02 19:57:03,GET /index.html,302,1885,-,Chrome/90.0
192.168.82.185,2025-01-04 03:30:52,POST /login,404,752,http://google.com,Safari/537.36
192.168.180.236,2025-01-06 20:06:19,GET /products,302,3156,http://example.com,Opera/9.80
192.168.27.1,2025-01-08 02:38:47,GET /index.html,500,4488,http://example.com,Opera/9.80
192.168.128.156,2025-01-11 15:02:26,GET /products,200,558,http://google.com,Safari/537.36
192.168.235.104,2025-01-08 21:47:16,GET /contact,200,3275,http://google.com,Mozilla/5.0
192.168.185.36,2025-01-07 12:42:15,GET /index.html,200,118,-,Opera/9.80
192.168.22.150,2025-01-04 18:50:46,GET /contact,404,561,http://example.com,Mozilla/5.0
192.168.56.14,2025-01-04 21:03:00,GET /index.html,404,4950,http://google.com,Mozilla/5.0
192.168.93.157,2025-01-10 03:40:58,GET /products,404,2928,http://example.com,Opera/9.80
192.168.203.115,2025-01-09 08:10:16,GET /products,200,154,http://google.com,Mozilla/5.0
192.168.223.101,2025-01-12 02:21:59,GET /contact,404,824,http://example.com,Opera/9.80
192.168.110.18,2025-01-05 03:59:35,GET /contact,404,2934,http://example.com,Chrome/90.0
192.168.107.93,2025-01-05 10:42:14,GET /index.html,302,3552,http://example.com,Chrome/90.0
192.168.139.134,2025-01-05 18:24:38,GET /contact,404,3268,http://google.com,Chrome/90.0
192.168.103.130,2025-01-11 08:30:28,POST /login,200,2297,http://example.com,Opera/9.80
192.168.69.71,2025-01-11 23:32:17,GET /contact,500,4434,http://example.com,Safari/537.36
192.168.83.187,2025-01-05 05:03:18,POST /login,500,2715,http://google.com,Chrome/90.0
192.168.0.239,2025-01-05 17:04:54,GET /products,500,4996,-,Safari/537.36
192.168.218.188,2025-01-04 14:58:55,GET /index.html,404,2704,http://example.com,Opera/9.80
192.168.96.95,2025-01-05 02:41:34,POST /login,500,1852,http://google.com,Opera/9.80
192.168.211.53,2025-01-05 08:40:36,GET /index.html,500,2783,-,Safari/537.36
192.168.143.252,2025-01-02 09:48:17,POST /login,200,490,http://example.com,Chrome/90.0
192.168.241.68,2025-01-06 20:39:36,GET /contact,302,4696,http://example.com,Opera/9.80
192.168.112.240,2025-01-08 23:14:11,POST /login,200,190,http://google.com,Safari/537.36
192.168.98.66,2025-01-10 01:44:52,POST /login,500,502,http://google.com,Safari/537.36
192.168.36.145,2025-01-11 06:17:33,GET /index.html,200,3410,http://google.com,Opera/9.80
192.168.47.202,2025-01-12 13:41:57,GET /contact,500,688,http://google.com,Chrome/90.0
192.168.53.152,2025-01-08 17:55:35,GET /products,200,3407,-,Mozilla/5.0
192.168.50.36,2025-01-10 08:26:15,GET /contact,302,1048,http://example.com,Safari/537.36
192.168.40.192,2025-01-10 00:41:59,GET /index.html,200,3719,http://google.com,Chrome/90.0
192.168.211.134,2025-01-06 06:34:00,GET /products,302,2107,http://example.com,Safari/537.36
192.168.89.105,2025-01-07 04:01:22,GET /index.html,200,475,-,Chrome/90.0
192.168.90.245,2025-01-09 23:23:52,GET /products,200,1508,-,Chrome/90.0
192.168.115.239,2025-01-11 15:14:19,POST /login,302,3702,http://example.com,Chrome/90.0
192.168.109.75,2025-01-09 10:22:30,GET /index.html,500,1617,http://google.com,Chrome/90.0
192.168.70.136,2025-01-07 08:13:05,GET /contact,302,742,-,Safari/537.36
192.168.109.233,2025-01-03 04:21:02,GET /products,500,4782,http://example.com,Opera/9.80
192.168.100.212,2025-01-03 08:00:01,POST /login,200,409,http://google.com,Safari/537.36
192.168.70.249,2025-01-11 02:20:51,GET /index.html,200,2205,http://example.com,Mozilla/5.0
192.168.77.117,2025-01-12 11:15:31,GET /index.html,302,1379,http://example.com,Safari/537.36
192.168.33.86,2025-01-03 11:35:57,GET /contact,500,3739,-,Chrome/90.0
192.168.208.241,2025-01-04 11:27:24,GET /products,302,2671,-,Chrome/90.0
192.168.145.131,2025-01-06 00:16:33,GET /products,302,1009,http://google.com,Opera/9.80
192.168.209.117,2025-01-02 12:12:02,GET /products,302,2909,http://example.com,Opera/9.80
192.168.10.227,2025-01-08 07:54:58,GET /products,200,1409,-,Chrome/90.0
192.168.202.223,2025-01-07 20:59:12,GET /contact,500,3206,http://example.com,Mozilla/5.0
192.168.146.44,2025-01-06 11:18:10,GET /products,302,2539,-,Mozilla/5.0
192.168.63.58,2025-01-04 12:50:09,GET /contact,302,916,-,Opera/9.80
192.168.236.69,2025-01-06 18:03:56,GET /products,200,3865,http://google.com,Safari/537.36
192.168.204.156,2025-01-04 08:27:21,GET /contact,200,1594,http://google.com,Opera/9.80
192.168.146.8,2025-01-12 03:15:29,GET /index.html,404,4992,http://example.com,Mozilla/5.0
192.168.223.208,2025-01-10 03:10:05,GET /products,302,378,-,Opera/9.80
192.168.156.169,2025-01-07 04:59:04,GET /index.html,200,342,-,Mozilla/5.0
192.168.42.150,2025-01-09 03:06:05,GET /products,404,4107,-,Chrome/90.0
192.168.254.42,2025-01-08 07:59:38,GET /products,500,2719,http://google.com,Chrome/90.0
192.168.74.227,2025-01-03 23:46:50,GET /products,404,3477,http://google.com,Opera/9.80
192.168.180.224,2025-01-12 13:20:46,POST /login,404,255,http://example.com,Opera/9.80
192.168.221.85,2025-01-04 01:17:52,GET /products,500,4319,http://example.com,Mozilla/5.0
192.168.52.221,2025-01-07 00:37:22,POST /login,302,2317,-,Chrome/90.0
192.168.207.17,2025-01-07 11:31:01,GET /products,200,4386,http://example.com,Safari/537.36
192.168.52.27,2025-01-02 16:01:05,GET /index.html,500,1794,-,Mozilla/5.0
192.168.148.63,2025-01-05 04:51:28,POST /login,200,3394,http://example.com,Mozilla/5.0
192.168.6.226,2025-01-12 11:47:27,GET /products,200,2555,http://example.com,Mozilla/5.0
192.168.181.147,2025-01-06 13:42:10,GET /contact,302,3761,http://example.com,Mozilla/5.0
192.168.216.192,2025-01-01 21:36:17,GET /products,500,2053,-,Opera/9.80
192.168.82.110,2025-01-01 18:47:55,POST /login,500,2090,-,Chrome/90.0
192.168.111.10,2025-01-07 00:29:16,GET /contact,500,3207,-,Mozilla/5.0
192.168.65.135,2025-01-05 03:11:35,GET /products,200,4348,-,Opera/9.80
192.168.88.199,2025-01-06 10:32:02,GET /products,302,1633,http://example.com,Chrome/90.0
192.168.83.155,2025-01-06 15:38:01,GET /contact,404,3854,-,Safari/537.36
192.168.181.252,2025-01-03 21:13:40,GET /products,500,940,http://google.com,Chrome/90.0
192.168.179.198,2025-01-05 01:02:34,POST /login,200,4729,http://example.com,Safari/537.36
192.168.107.91,2025-01-01 21:57:11,GET /contact,200,2236,http://example.com,Safari/537.36
192.168.72.134,2025-01-05 16:09:17,GET /index.html,200,2667,-,Chrome/90.0
192.168.246.246,2025-01-07 20:29:19,GET /products,200,2896,-,Safari/537.36
192.168.139.8,2025-01-10 06:26:53,GET /products,200,4821,-,Chrome/90.0
192.168.44.172,2025-01-05 07:32:51,GET /products,200,2357,http://google.com,Mozilla/5.0
192.168.184.185,2025-01-04 12:44:59,GET /contact,404,2922,-,Chrome/90.0
192.168.177.45,2025-01-08 04:26:41,POST /login,200,238,http://example.com,Opera/9.80
192.168.108.73,2025-01-02 01:07:15,POST /login,302,2878,-,Safari/537.36
192.168.174.176,2025-01-04 06:41:57,POST /login,404,2374,http://example.com,Mozilla/5.0
192.168.254.172,2025-01-08 13:32:09,GET /index.html,404,2199,http://google.com,Safari/537.36
192.168.193.204,2025-01-12 09:47:39,GET /contact,302,4480,http://example.com,Safari/537.36
192.168.133.77,2025-01-10 05:03:13,GET /index.html,500,4563,-,Chrome/90.0
192.168.243.44,2025-01-11 19:50:20,GET /products,404,1086,http://google.com,Chrome/90.0
192.168.197.136,2025-01-06 23:39:27,GET /contact,302,1948,http://google.com,Mozilla/5.0
192.168.133.221,2025-01-05 18:00:50,POST /login,302,4482,http://google.com,Mozilla/5.0
192.168.70.50,2025-01-11 11:43:11,GET /contact,500,3606,http://google.com,Mozilla/5.0
192.168.20.158,2025-01-02 06:26:38,GET /contact,302,1991,-,Chrome/90.0
192.168.229.63,2025-01-09 09:40:32,GET /contact,302,2524,http://example.com,Chrome/90.0
192.168.228.247,2025-01-08 20:59:32,POST /login,404,1481,-,Chrome/90.0
192.168.25.210,2025-01-06 04:28:52,GET /products,500,2194,-,Safari/537.36
192.168.215.197,2025-01-07 14:18:32,GET /contact,200,1516,-,Chrome/90.0
192.168.224.216,2025-01-04 23:47:06,GET /contact,500,2403,http://google.com,Chrome/90.0
192.168.61.232,2025-01-10 08:10:30,GET /contact,500,2129,-,Mozilla/5.0
192.168.30.121,2025-01-09 16:15:47,GET /products,500,3011,-,Safari/537.36
192.168.13.186,2025-01-12 07:11:08,GET /index.html,302,3303,http://google.com,Chrome/90.0
192.168.240.43,2025-01-03 22:00:37,POST /login,200,1927,-,Chrome/90.0
192.168.255.183,2025-01-10 04:17:48,GET /contact,500,1254,-,Opera/9.80
192.168.116.100,2025-01-03 08:54:26,GET /contact,302,1856,http://google.com,Safari/537.36
192.168.15.106,2025-01-06 21:21:34,GET /contact,500,126,http://google.com,Safari/537.36
192.168.25.107,2025-01-03 04:09:47,GET /index.html,404,1713,http://google.com,Mozilla/5.0
192.168.76.56,2025-01-01 22:28:10,GET /contact,302,3331,http://google.com,Chrome/90.0
192.168.139.225,2025-01-10 14:12:13,GET /index.html,404,4441,http://example.com,Mozilla/5.0
192.168.240.43,2025-01-06 00:53:26,GET /products,302,2130,http://google.com,Mozilla/5.0
192.168.208.193,2025-01-04 01:33:32,POST /login,500,4067,http://example.com,Mozilla/5.0
192.168.163.117,2025-01-03 07:00:43,POST /login,200,3725,-,Safari/537.36
192.168.187.16,2025-01-05 04:15:42,GET /index.html,404,466,http://google.com,Safari/537.36
192.168.8.53,2025-01-03 17:21:21,GET /index.html,302,4416,http://google.com,Opera/9.80
192.168.246.177,2025-01-08 01:41:00,POST /login,500,518,-,Safari/537.36
192.168.222.44,2025-01-07 14:07:18,GET /index.html,302,1640,-,Mozilla/5.0
192.168.47.163,2025-01-06 00:21:45,GET /products,404,912,-,Mozilla/5.0
192.168.12.211,2025-01-09 04:32:58,GET /index.html,302,554,http://example.com,Mozilla/5.0
192.168.49.120,2025-01-09 09:58:03,GET /index.html,404,3590,-,Mozilla/5.0
192.168.4.142,2025-01-12 09:29:20,POST /login,500,953,-,Chrome/90.0
192.168.148.193,2025-01-11 09:05:54,GET /index.html,500,733,http://example.com,Safari/537.36
192.168.24.162,2025-01-12 06:13:57,GET /index.html,500,3412,-,Opera/9.80
192.168.227.140,2025-01-08 19:33:07,GET /products,404,1213,http://example.com,Mozilla/5.0
192.168.3.30,2025-01-05 17:55:30,GET /products,302,2307,-,Safari/537.36
192.168.51.24,2025-01-07 18:24:23,POST /login,200,2099,-,Chrome/90.0
192.168.219.249,2025-01-04 17:43:05,GET /products,404,3094,http://example.com,Safari/537.36
192.168.130.94,2025-01-09 11:50:15,GET /contact,302,332,http://example.com,Mozilla/5.0
192.168.26.3,2025-01-09 19:20:09,GET /products,500,2216,http://google.com,Mozilla/5.0
192.168.231.190,2025-01-03 06:15:01,GET /products,200,4784,http://example.com,Safari/537.36
192.168.219.73,2025-01-02 06:48:18,GET /index.html,404,650,http://example.com,Chrome/90.0
192.168.190.144,2025-01-04 01:00:45,GET /contact,404,262,-,Chrome/90.0
192.168.81.122,2025-01-09 08:01:05,POST /login,500,174,http://example.com,Safari/537.36
192.168.89.0,2025-01-04 07:18:01,GET /contact,500,2786,http://google.com,Safari/537.36
192.168.76.158,2025-01-05 08:43:05,GET /index.html,500,464,-,Safari/537.36
192.168.5.58,2025-01-10 10:51:57,POST /login,404,411,http://google.com,Safari/537.36
192.168.0.182,2025-01-09 11:03:41,GET /index.html,404,3443,-,Mozilla/5.0
192.168.229.182,2025-01-03 03:02:05,POST /login,200,1658,http://example.com,Chrome/90.0
192.168.27.87,2025-01-02 02:41:12,GET /products,500,1365,http://example.com,Chrome/90.0
192.168.140.10,2025-01-02 09:58:33,POST /login,200,4567,http://google.com,Chrome/90.0
192.168.6.66,2025-01-05 23:05:34,GET /contact,200,2029,http://google.com,Chrome/90.0
192.168.231.57,2025-01-09 19:47:48,GET /contact,404,4025,http://example.com,Chrome/90.0
192.168.16.111,2025-01-04 01:10:05,POST /login,200,4283,-,Chrome/90.0
192.168.149.123,2025-01-01 08:24:06,GET /products,302,2855,-,Opera/9.80
192.168.199.219,2025-01-08 05:53:29,POST /login,500,4807,http://example.com,Mozilla/5.0
192.168.131.49,2025-01-08 07:01:44,GET /products,404,3421,http://google.com,Opera/9.80
192.168.110.52,2025-01-02 21:09:45,GET /index.html,302,4849,http://example.com,Opera/9.80
192.168.118.112,2025-01-11 02:57:20,GET /index.html,404,4623,-,Safari/537.36
192.168.204.251,2025-01-07 15:08:59,GET /products,500,2455,http://google.com,Opera/9.80
192.168.173.163,2025-01-05 03:51:56,POST /login,500,2721,http://example.com,Opera/9.80
192.168.123.205,2025-01-08 09:45:58,GET /contact,500,2337,-,Mozilla/5.0
192.168.137.22,2025-01-06 07:26:01,GET /index.html,200,4755,-,Mozilla/5.0
192.168.12.18,2025-01-07 06:12:00,POST /login,302,570,http://example.com,Mozilla/5.0
192.168.45.90,2025-01-03 09:09:08,GET /contact,200,1030,http://example.com,Chrome/90.0
192.168.154.180,2025-01-10 15:01:09,GET /products,500,4446,http://example.com,Chrome/90.0
192.168.177.224,2025-01-01 05:58:07,GET /products,500,4831,http://google.com,Chrome/90.0
192.168.8.39,2025-01-04 15:19:37,GET /index.html,500,3418,http://google.com,Safari/537.36
192.168.116.51,2025-01-03 20:34:36,POST /login,500,972,-,Chrome/90.0
192.168.27.101,2025-01-01 06:09:47,POST /login,302,1229,-,Chrome/90.0
192.168.76.182,2025-01-08 05:01:03,GET /products,500,4424,-,Opera/9.80
192.168.138.148,2025-01-06 22:55:37,GET /contact,302,4907,http://google.com,Safari/537.36
192.168.238.209,2025-01-01 22:08:50,POST /login,302,2727,http://google.com,Opera/9.80
192.168.85.147,2025-01-01 22:52:16,GET /contact,500,4417,-,Safari/537.36
192.168.109.150,2025-01-09 14:51:06,POST /login,500,2672,-,Opera/9.80
192.168.130.203,2025-01-12 11:34:35,GET /products,500,4149,-,Safari/537.36
192.168.150.229,2025-01-10 09:12:58,GET /index.html,200,2786,-,Chrome/90.0
192.168.171.205,2025-01-02 09:57:36,GET /contact,500,3926,http://example.com,Chrome/90.0
192.168.178.92,2025-01-09 14:41:23,GET /products,500,3943,-,Opera/9.80
192.168.53.67,2025-01-03 22:27:14,GET /contact,500,4236,http://example.com,Safari/537.36
192.168.29.56,2025-01-12 04:00:39,GET /contact,302,578,http://google.com,Chrome/90.0
192.168.127.25,2025-01-02 20:58:09,GET /products,302,2846,http://example.com,Mozilla/5.0
192.168.27.126,2025-01-05 03:33:46,GET /contact,404,2511,http://example.com,Chrome/90.0
192.168.91.13,2025-01-03 16:06:24,GET /index.html,200,247,http://example.com,Safari/537.36
192.168.170.38,2025-01-06 04:43:45,GET /contact,500,4318,http://google.com,Opera/9.80
192.168.144.93,2025-01-05 09:56:21,POST /login,302,2419,-,Safari/537.36
192.168.103.26,2025-01-07 21:46:08,GET /index.html,302,2634,http://google.com,Safari/537.36
192.168.141.184,2025-01-02 07:34:10,POST /login,500,567,http://example.com,Mozilla/5.0
192.168.25.12,2025-01-07 13:03:47,GET /index.html,302,4521,http://google.com,Chrome/90.0
192.168.210.19,2025-01-01 10:57:49,GET /products,404,3355,-,Mozilla/5.0
192.168.180.124,2025-01-05 07:18:55,GET /products,500,4928,-,Chrome/90.0
192.168.164.127,2025-01-04 22:14:21,GET /products,302,2648,-,Safari/537.36
192.168.216.65,2025-01-04 02:56:57,GET /products,200,4301,-,Opera/9.80
192.168.243.173,2025-01-12 05:07:19,GET /products,302,2834,http://google.com,Safari/537.36
192.168.241.103,2025-01-07 22:35:16,GET /products,200,2018,http://example.com,Chrome/90.0
192.168.186.247,2025-01-07 16:42:10,GET /index.html,302,4704,http://google.com,Safari/537.36
192.168.221.159,2025-01-09 13:11:12,POST /login,404,3539,-,Mozilla/5.0
192.168.211.28,2025-01-03 22:17:02,GET /products,200,4089,http://google.com,Opera/9.80
192.168.85.176,2025-01-08 12:40:50,GET /index.html,500,4653,http://google.com,Opera/9.80
192.168.192.135,2025-01-06 10:07:21,POST /login,404,4029,http://example.com,Mozilla/5.0
192.168.89.78,2025-01-05 20:01:28,GET /contact,302,3632,http://google.com,Safari/537.36
192.168.233.181,2025-01-09 17:23:34,POST /login,500,4361,http://example.com,Opera/9.80
192.168.31.224,2025-01-12 03:41:20,GET /index.html,500,4834,http://google.com,Safari/537.36
192.168.37.36,2025-01-08 17:52:06,POST /login,302,2331,http://google.com,Opera/9.80
192.168.63.223,2025-01-10 03:25:45,GET /products,404,4318,http://google.com,Mozilla/5.0
192.168.91.10,2025-01-02 19:40:30,GET /contact,200,1843,-,Mozilla/5.0
192.168.149.179,2025-01-02 08:35:42,GET /products,302,2269,http://google.com,Opera/9.80
192.168.73.23,2025-01-01 21:43:50,POST /login,404,397,http://google.com,Safari/537.36
192.168.72.161,2025-01-03 02:05:29,GET /contact,404,1588,-,Mozilla/5.0
192.168.19.233,2025-01-06 02:48:41,GET /contact,200,1406,-,Safari/537.36
192.168.223.134,2025-01-02 13:12:18,GET /index.html,302,808,-,Chrome/90.0
192.168.48.28,2025-01-09 06:49:19,GET /products,404,2794,http://google.com,Chrome/90.0
192.168.75.123,2025-01-03 13:08:34,GET /index.html,500,3221,http://example.com,Chrome/90.0
192.168.197.7,2025-01-02 20:37:48,POST /login,302,1378,-,Chrome/90.0
192.168.21.49,2025-01-11 14:05:49,GET /contact,404,3519,http://google.com,Mozilla/5.0
192.168.21.126,2025-01-07 13:41:59,POST /login,404,1639,http://google.com,Opera/9.80
192.168.96.90,2025-01-11 12:08:52,GET /contact,500,2349,-,Chrome/90.0
192.168.153.130,2025-01-05 06:13:07,GET /contact,404,3064,-,Opera/9.80
192.168.201.215,2025-01-05 21:42:24,GET /products,200,3813,http://example.com,Opera/9.80
192.168.37.249,2025-01-07 19:12:16,GET /index.html,404,1429,-,Safari/537.36
192.168.29.165,2025-01-04 05:58:18,GET /index.html,404,4503,-,Opera/9.80
192.168.22.190,2025-01-04 00:07:41,GET /index.html,200,4856,http://google.com,Opera/9.80
192.168.81.148,2025-01-03 19:59:36,GET /contact,404,1899,http://example.com,Safari/537.36
192.168.89.151,2025-01-01 17:35:45,GET /products,404,2704,http://google.com,Chrome/90.0
192.168.128.152,2025-01-08 22:08:34,GET /products,200,4141,-,Opera/9.80
192.168.231.62,2025-01-06 18:50:06,GET /products,302,1290,http://google.com,Chrome/90.0
192.168.32.119,2025-01-04 21:32:00,GET /index.html,404,516,-,Safari/537.36
192.168.231.123,2025-01-02 11:52:27,GET /contact,500,3758,-,Safari/537.36
192.168.53.174,2025-01-05 22:59:12,GET /contact,404,702,http://example.com,Mozilla/5.0
192.168.148.89,2025-01-01 13:00:22,GET /index.html,404,4000,http://google.com,Chrome/90.0
192.168.114.155,2025-01-01 06:42:37,GET /products,200,450,http://example.com,Opera/9.80
192.168.184.189,2025-01-01 10:00:08,GET /products,500,3818,http://google.com,Opera/9.80
192.168.35.47,2025-01-01 21:35:06,GET /index.html,200,4293,http://example.com,Safari/537.36
192.168.158.31,2025-01-10 02:44:14,GET /contact,200,1546,-,Mozilla/5.0
192.168.166.254,2025-01-01 10:34:30,GET /contact,302,1738,http://example.com,Opera/9.80
192.168.55.13,2025-01-10 13:57:11,GET /contact,404,362,http://example.com,Mozilla/5.0
192.168.231.69,2025-01-02 03:48:40,GET /contact,500,4223,-,Chrome/90.0
192.168.232.98,2025-01-01 07:55:45,GET /products,302,2624,http://example.com,Opera/9.80
192.168.150.20,2025-01-10 13:41:33,POST /login,302,3481,http://example.com,Opera/9.80
192.168.55.1,2025-01-08 10:00:00,POST /login,404,3629,http://example.com,Chrome/90.0
192.168.69.138,2025-01-01 14:11:01,GET /contact,404,3417,http://example.com,Chrome/90.0
192.168.134.147,2025-01-09 02:07:43,GET /index.html,500,1799,http://example.com,Opera/9.80
192.168.103.72,2025-01-05 20:26:09,GET /contact,200,2253,http://example.com,Mozilla/5.0
192.168.252.238,2025-01-01 19:55:51,GET /products,200,192,http://example.com,Mozilla/5.0
192.168.143.68,2025-01-08 08:52:15,GET /products,302,4016,http://google.com,Chrome/90.0
192.168.59.49,2025-01-01 11:02:05,GET /index.html,302,1168,http://example.com,Mozilla/5.0
192.168.210.56,2025-01-01 10:11:31,GET /products,500,3540,http://google.com,Chrome/90.0
192.168.204.44,2025-01-07 17:58:15,GET /index.html,404,2053,http://example.com,Mozilla/5.0
192.168.134.136,2025-01-11 06:27:19,POST /login,200,1531,http://example.com,Opera/9.80
192.168.242.255,2025-01-07 03:19:22,GET /contact,302,4675,-,Opera/9.80
192.168.211.19,2025-01-09 14:00:24,GET /products,200,929,-,Chrome/90.0
192.168.19.147,2025-01-08 13:41:45,GET /index.html,302,4563,-,Mozilla/5.0
192.168.104.94,2025-01-05 13:31:17,POST /login,200,4653,http://example.com,Opera/9.80
192.168.123.106,2025-01-05 17:59:57,GET /index.html,500,2049,http://google.com,Mozilla/5.0
192.168.136.55,2025-01-03 17:35:02,POST /login,200,643,http://google.com,Safari/537.36
192.168.0.93,2025-01-09 14:02:12,GET /index.html,404,1264,http://example.com,Safari/537.36
192.168.230.210,2025-01-03 16:22:41,GET /contact,302,2184,http://google.com,Mozilla/5.0
192.168.148.240,2025-01-06 02:48:47,GET /contact,302,2281,http://example.com,Chrome/90.0
192.168.111.187,2025-01-04 12:43:21,GET /contact,404,1568,-,Safari/537.36
192.168.190.48,2025-01-11 03:49:07,POST /login,302,1661,-,Chrome/90.0
192.168.206.169,2025-01-08 00:26:09,GET /contact,404,2636,http://example.com,Chrome/90.0
192.168.31.104,2025-01-09 07:08:30,GET /index.html,302,3514,-,Safari/537.36
192.168.62.225,2025-01-10 07:21:12,GET /products,302,373,-,Mozilla/5.0
192.168.85.83,2025-01-01 08:18:03,GET /products,200,1174,http://example.com,Mozilla/5.0
192.168.153.177,2025-01-04 21:43:39,GET /contact,404,4376,http://google.com,Opera/9.80
192.168.191.65,2025-01-05 14:26:56,GET /index.html,500,3794,http://google.com,Chrome/90.0
192.168.163.5,2025-01-06 06:23:44,GET /index.html,302,1324,-,Safari/537.36
192.168.68.79,2025-01-07 14:33:12,GET /index.html,200,4808,http://google.com,Mozilla/5.0
192.168.146.61,2025-01-01 16:47:29,GET /index.html,302,3141,http://google.com,Opera/9.80
192.168.144.164,2025-01-05 02:04:23,GET /contact,200,1568,http://example.com,Safari/537.36
192.168.34.126,2025-01-01 14:29:16,GET /contact,404,3102,http://google.com,Chrome/90.0
192.168.16.36,2025-01-11 12:32:47,GET /products,500,3114,http://example.com,Safari/537.36
192.168.79.0,2025-01-03 07:03:28,GET /contact,500,3538,-,Chrome/90.0
192.168.35.216,2025-01-08 14:31:57,GET /contact,500,1928,-,Chrome/90.0
192.168.162.165,2025-01-05 04:09:58,GET /index.html,200,339,-,Chrome/90.0
192.168.100.33,2025-01-12 01:55:00,POST /login,404,146,http://example.com,Chrome/90.0
192.168.141.32,2025-01-07 19:28:55,GET /products,500,4080,-,Opera/9.80
192.168.6.133,2025-01-02 09:19:19,GET /index.html,200,2265,http://google.com,Chrome/90.0
192.168.40.198,2025-01-08 23:36:23,GET /index.html,200,3418,-,Mozilla/5.0
192.168.33.158,2025-01-05 12:05:26,GET /contact,500,2906,-,Opera/9.80
192.168.32.37,2025-01-02 16:30:01,GET /index.html,500,2439,-,Opera/9.80
192.168.31.18,2025-01-11 01:39:07,GET /contact,404,3057,-,Chrome/90.0
192.168.17.229,2025-01-02 16:51:38,GET /products,302,3734,http://google.com,Safari/537.36
192.168.17.58,2025-01-01 14:05:21,GET /products,500,2962,http://example.com,Safari/537.36
192.168.17.214,2025-01-01 23:09:47,GET /index.html,200,1736,-,Chrome/90.0
192.168.119.223,2025-01-03 08:42:52,POST /login,500,2304,http://example.com,Opera/9.80
192.168.77.170,2025-01-05 20:04:21,GET /contact,302,4009,http://google.com,Chrome/90.0
192.168.132.243,2025-01-04 10:31:42,GET /contact,404,472,-,Safari/537.36
192.168.36.49,2025-01-09 16:26:03,POST /login,302,4463,-,Opera/9.80
192.168.241.187,2025-01-12 07:57:09,GET /products,500,2352,http://google.com,Safari/537.36
192.168.235.3,2025-01-04 22:37:39,GET /index.html,404,750,http://example.com,Safari/537.36
192.168.33.246,2025-01-04 04:56:51,GET /contact,302,1532,http://example.com,Safari/537.36
192.168.9.95,2025-01-01 14:41:00,POST /login,404,4403,http://google.com,Mozilla/5.0
192.168.45.245,2025-01-11 02:55:04,GET /contact,500,2701,http://google.com,Safari/537.36
192.168.246.77,2025-01-07 16:53:10,POST /login,404,2789,-,Opera/9.80
192.168.18.100,2025-01-10 14:11:19,GET /contact,302,788,http://google.com,Mozilla/5.0
192.168.40.8,2025-01-05 12:51:27,GET /index.html,200,1922,http://example.com,Opera/9.80
192.168.206.93,2025-01-07 03:55:11,GET /products,302,3459,-,Safari/537.36
192.168.122.13,2025-01-05 06:10:08,POST /login,302,3677,-,Chrome/90.0
192.168.234.241,2025-01-02 08:14:09,GET /contact,500,2932,http://example.com,Opera/9.80
192.168.1.194,2025-01-03 06:55:21,POST /login,404,2795,http://google.com,Chrome/90.0
192.168.113.166,2025-01-06 03:01:40,GET /products,302,2123,http://example.com,Mozilla/5.0
192.168.7.47,2025-01-06 13:34:34,GET /products,500,2982,http://google.com,Opera/9.80
192.168.16.174,2025-01-10 21:01:25,POST /login,200,3616,-,Opera/9.80
192.168.240.215,2025-01-03 09:22:10,GET /products,200,4361,http://google.com,Opera/9.80
192.168.83.2,2025-01-10 00:42:17,GET /contact,404,2344,http://google.com,Mozilla/5.0
192.168.6.40,2025-01-04 14:15:50,GET /contact,200,4695,-,Safari/537.36
192.168.184.213,2025-01-10 15:13:23,POST /login,200,3456,-,Opera/9.80
192.168.8.72,2025-01-11 20:20:57,GET /products,404,1758,http://google.com,Mozilla/5.0
192.168.121.31,2025-01-03 12:39:34,GET /contact,302,2425,http://example.com,Opera/9.80
192.168.234.58,2025-01-11 07:31:33,GET /products,200,2493,http://example.com,Safari/537.36
192.168.19.119,2025-01-10 03:52:07,POST /login,302,4996,http://example.com,Opera/9.80
192.168.92.19,2025-01-05 12:37:53,GET /index.html,200,807,-,Chrome/90.0
192.168.147.135,2025-01-03 23:33:36,POST /login,500,4601,-,Safari/537.36
192.168.66.220,2025-01-05 14:05:26,GET /contact,302,2055,http://example.com,Safari/537.36
192.168.160.3,2025-01-08 14:40:56,GET /products,500,1674,-,Opera/9.80
192.168.175.202,2025-01-01 14:21:54,POST /login,200,4704,-,Opera/9.80
192.168.25.228,2025-01-08 19:25:47,GET /contact,302,4913,-,Chrome/90.0
192.168.46.226,2025-01-05 15:57:04,GET /products,404,3695,http://google.com,Chrome/90.0
192.168.71.181,2025-01-07 04:31:50,GET /index.html,500,1334,http://google.com,Mozilla/5.0
192.168.182.225,2025-01-11 07:48:41,GET /contact,500,681,http://example.com,Safari/537.36
192.168.234.134,2025-01-07 00:02:59,GET /contact,302,3508,http://google.com,Chrome/90.0
192.168.222.45,2025-01-06 14:44:15,GET /contact,302,1260,http://example.com,Opera/9.80
192.168.240.80,2025-01-09 00:18:12,GET /contact,404,3855,http://example.com,Chrome/90.0
192.168.114.173,2025-01-06 00:23:42,POST /login,404,3368,-,Mozilla/5.0
192.168.225.137,2025-01-11 13:14:46,GET /products,302,1146,-,Mozilla/5.0
192.168.187.29,2025-01-04 05:21:27,GET /products,302,700,-,Mozilla/5.0
192.168.59.212,2025-01-01 02:55:48,GET /products,404,2932,http://google.com,Safari/537.36
192.168.184.248,2025-01-10 00:00:36,GET /index.html,500,206,http://google.com,Opera/9.80
192.168.202.136,2025-01-06 00:08:48,POST /login,500,3700,http://google.com,Opera/9.80
192.168.119.215,2025-01-06 03:54:13,GET /products,404,2014,-,Opera/9.80
192.168.38.163,2025-01-07 00:04:23,GET /index.html,500,4743,http://example.com,Opera/9.80
192.168.111.31,2025-01-01 08:58:42,GET /index.html,404,4658,http://example.com,Mozilla/5.0
192.168.191.218,2025-01-04 12:29:25,GET /index.html,302,1883,http://google.com,Chrome/90.0
192.168.219.203,2025-01-08 17:03:27,GET /contact,500,4603,http://example.com,Opera/9.80
192.168.118.59,2025-01-01 11:03:27,GET /products,500,1332,http://google.com,Safari/537.36
192.168.164.215,2025-01-10 18:12:42,GET /index.html,302,3870,http://google.com,Chrome/90.0
192.168.74.182,2025-01-10 11:51:05,GET /index.html,200,1745,http://google.com,Chrome/90.0
192.168.65.207,2025-01-07 01:01:08,GET /products,302,2383,http://example.com,Mozilla/5.0
192.168.101.78,2025-01-06 07:42:06,POST /login,200,560,-,Safari/537.36
192.168.222.208,2025-01-10 19:48:52,GET /index.html,302,1349,http://example.com,Opera/9.80
192.168.253.44,2025-01-04 07:57:48,POST /login,404,2327,-,Mozilla/5.0
192.168.51.109,2025-01-03 13:29:03,GET /contact,302,946,http://example.com,Mozilla/5.0
192.168.111.112,2025-01-11 17:52:09,GET /index.html,404,3850,http://google.com,Mozilla/5.0
192.168.90.235,2025-01-03 00:24:49,POST /login,200,175,-,Safari/537.36
192.168.187.233,2025-01-08 05:18:10,GET /contact,302,3775,-,Chrome/90.0
192.168.102.175,2025-01-03 06:37:27,GET /products,500,4207,http://google.com,Opera/9.80
192.168.180.97,2025-01-05 01:50:38,GET /index.html,302,3561,-,Safari/537.36
192.168.53.128,2025-01-04 23:59:21,GET /index.html,500,324,-,Safari/537.36
192.168.114.229,2025-01-01 20:57:16,POST /login,404,1592,http://google.com,Opera/9.80
192.168.149.169,2025-01-10 14:25:45,POST /login,200,2194,http://google.com,Safari/537.36
192.168.39.184,2025-01-03 00:34:04,POST /login,404,3674,http://google.com,Chrome/90.0
192.168.154.83,2025-01-07 01:48:19,POST /login,500,1656,http://example.com,Safari/537.36
192.168.130.51,2025-01-01 00:02:43,GET /products,200,4024,http://google.com,Opera/9.80
192.168.154.203,2025-01-01 16:52:08,POST /login,404,3221,http://google.com,Opera/9.80
192.168.247.7,2025-01-01 13:36:27,GET /products,404,4032,-,Opera/9.80
192.168.241.19,2025-01-04 09:30:29,GET /products,500,2560,-,Chrome/90.0
192.168.144.180,2025-01-10 04:52:18,GET /index.html,500,3992,-,Chrome/90.0
192.168.136.83,2025-01-06 11:33:34,POST /login,500,987,http://google.com,Chrome/90.0
192.168.196.167,2025-01-12 04:42:15,POST /login,404,4137,-,Mozilla/5.0
192.168.11.165,2025-01-02 19:30:42,GET /products,404,4006,http://google.com,Chrome/90.0
192.168.165.21,2025-01-06 15:53:23,GET /products,200,319,http://google.com,Safari/537.36
192.168.94.160,2025-01-10 11:02:11,POST /login,302,3797,-,Chrome/90.0
192.168.95.138,2025-01-12 07:07:17,POST /login,302,1575,-,Chrome/90.0
192.168.93.188,2025-01-07 11:40:37,GET /products,500,3794,http://google.com,Mozilla/5.0
192.168.154.162,2025-01-03 12:23:56,GET /contact,302,4578,http://google.com,Safari/537.36
192.168.161.231,2025-01-08 17:51:26,GET /products,302,1408,http://example.com,Safari/537.36
192.168.151.219,2025-01-04 14:20:51,GET /index.html,500,4619,http://example.com,Mozilla/5.0
192.168.125.168,2025-01-10 00:04:42,GET /products,404,1126,http://google.com,Opera/9.80
192.168.52.3,2025-01-03 03:25:40,GET /contact,404,905,http://google.com,Opera/9.80
192.168.69.248,2025-01-10 15:21:23,POST /login,200,4079,http://example.com,Opera/9.80
192.168.205.177,2025-01-02 09:26:09,GET /index.html,404,2272,-,Safari/537.36
192.168.29.202,2025-01-01 05:05:49,GET /index.html,302,3480,-,Mozilla/5.0
192.168.103.17,2025-01-02 16:43:28,GET /contact,302,1344,http://example.com,Safari/537.36
192.168.119.80,2025-01-02 07:46:50,GET /index.html,302,4894,http://example.com,Mozilla/5.0
192.168.132.62,2025-01-02 21:39:10,GET /index.html,500,4510,http://example.com,Opera/9.80
192.168.191.254,2025-01-03 21:42:34,GET /products,404,4372,-,Safari/537.36
192.168.89.87,2025-01-08 23:28:49,GET /index.html,200,4248,http://example.com,Mozilla/5.0
192.168.168.44,2025-01-03 20:51:26,POST /login,302,1038,http://google.com,Safari/537.36
192.168.0.101,2025-01-03 04:33:54,GET /index.html,404,1985,http://google.com,Safari/537.36
192.168.5.227,2025-01-09 15:39:30,GET /index.html,404,1076,http://example.com,Safari/537.36
192.168.221.52,2025-01-02 02:15:47,GET /contact,302,285,-,Chrome/90.0
192.168.138.17,2025-01-09 07:52:53,POST /login,200,260,http://example.com,Safari/537.36
192.168.125.104,2025-01-05 05:13:15,GET /contact,302,3319,http://example.com,Chrome/90.0
192.168.162.112,2025-01-10 17:28:17,GET /contact,302,4708,-,Opera/9.80
192.168.52.152,2025-01-04 21:01:20,POST /login,302,3312,http://example.com,Opera/9.80
192.168.67.158,2025-01-05 12:35:04,GET /index.html,500,2606,http://google.com,Safari/537.36
192.168.122.83,2025-01-08 15:25:57,POST /login,404,2828,http://google.com,Mozilla/5.0
192.168.245.56,2025-01-11 23:00:33,GET /products,404,620,http://google.com,Mozilla/5.0
192.168.89.196,2025-01-04 00:34:18,GET /contact,500,398,http://example.com,Opera/9.80
192.168.2.26,2025-01-11 05:48:46,GET /index.html,200,1023,-,Opera/9.80
192.168.2.110,2025-01-04 23:17:33,POST /login,404,2328,http://example.com,Opera/9.80
192.168.169.159,2025-01-05 01:36:03,GET /index.html,404,1961,http://google.com,Safari/537.36
192.168.40.198,2025-01-01 05:30:22,GET /products,302,1044,http://example.com,Mozilla/5.0
192.168.94.255,2025-01-08 00:38:30,GET /products,404,2760,-,Opera/9.80
